"argparse;copy;datetime;funcx;itertools;json;matplotlib;numpy;os;pathlib;shutil;sys;threading;typing","8.56GB"
"argparse;copy;funcx;itertools;json;matplotlib;numpy;os;pathlib;shutil;sys;threading;typing","8.56GB"
"argparse;sys","8.45GB"
"CLEAN","8.45GB"
"CLEAN;os","8.45GB"
"CLEAN;os;pandas","8.45GB"
"collections;dataset;imblearn;numpy;os;pandas;sklearn;sys;torch","8.45GB"
"collections;dataset;numpy;os;pandas;sklearn;sys;torch","8.45GB"
"collections;importlib;os;sys;torch","8.45GB"
"collections;importlib;os;torch","8.45GB"
"collections;os","8.45GB"
"colmena","8.48GB"
"common;data;h5py;json;matplotlib;numpy;os;pdb;quickstats;re","8.55GB"
"copy;datetime;h5py;json;numpy;os;pathlib;re;traceback","8.45GB"
"csv;json;os;pathlib;re","8.45GB"
"csv;numpy;os","8.45GB"
"csv;os","8.45GB"
"csv;os;pandas;pathlib","8.45GB"
"csv;pandas","8.45GB"
"cv2;numpy;pathlib;typing","9.52GB"
"datacite;datetime;hashlib;jsonschema;mimetypes;pathlib;puremagic;traceback;urllib","8.47GB"
"dataset;numpy;os;pandas;sklearn;sys;torch","8.45GB"
"dataset;numpy;os;pandas;sklearn;torch","8.45GB"
"dataset;os;pandas;sys;torch","8.45GB"
"datetime","8.45GB"
"datetime;fnmatch;identify;json;os;pathlib;re","8.45GB"
"datetime;fnmatch;identify;json;os;re","8.45GB"
"datetime;globus_sdk;identify;os;shutil;urllib3","8.45GB"
"datetime;hashlib;mimetypes;pathlib;puremagic;urllib","8.45GB"
"datetime;hashlib;pathlib","8.45GB"
"datetime;identify;os","8.45GB"
"datetime;identify;os;pathlib","8.45GB"
"datetime;identify;os;sys","8.45GB"
"datetime;numpy;scipy;time","8.45GB"
"datetime;platform;psutil;timeit","8.45GB"
"datetime;time","8.45GB"
"deriva;globus_sdk;os;requests;warnings","8.46GB"
"dill;pyhf","8.46GB"
"dill;pyhf;sys","8.46GB"
"eqsql;os;re;subprocess;traceback","8.48GB"
"fnmatch;globus_sdk;json;os;pathlib","8.45GB"
"funcx","8.46GB"
"funcx;math;networkx;numpy;pandas","8.46GB"
"funcx;numpy;os;pathlib;pickle;proxystore;sys;tensorflow;time","8.46GB"
"funcx;numpy;pandas","8.46GB"
"funcx;sys","8.46GB"
"glob","8.45GB"
"glob;os;pathlib","8.45GB"
"globus_sdk","8.45GB"
"globus_sdk;json;os","8.45GB"
"globus_sdk;json;os;pathlib","8.45GB"
"gzip;os;requests","8.45GB"
"h5py;json;matplotlib;numpy;os;pdb;quickstats;re","8.55GB"
"hashlib","8.45GB"
"hashlib;os","8.45GB"
"home_run;json;os;sys;time","8.45GB"
"home_run;json;os;time","8.45GB"
"identify;os","8.45GB"
"imageio;io;numpy;proxystore;time","8.47GB"
"importlib","8.45GB"
"inspect","8.45GB"
"io;pandas;urllib","8.45GB"
"ipdb","8.47GB"
"json","8.45GB"
"json;logging;os","8.45GB"
"json;logging;traceback;uuid","8.45GB"
"json;numpy","8.45GB"
"json;numpy;os;pathlib;re","8.45GB"
"json;numpy;proxystore","8.45GB"
"json;os","8.45GB"
"json;os;pathlib","8.45GB"
"json;os;socket","8.45GB"
"json;os;socket;sys","8.45GB"
"json;os;socket;sys;traceback","8.45GB"
"json;os;subprocess;tempfile","8.45GB"
"json;os;tempfile","8.45GB"
"json;pandas","8.45GB"
"json;pathlib","8.45GB"
"json;requests","8.45GB"
"json;time;ulid;yaml","8.45GB"
"kafka;proxystore","8.45GB"
"keras;numpy;pandas","8.45GB"
"libensemble;numpy;os;secrets;time","8.47GB"
"logging","8.45GB"
"logging;os;requests","8.45GB"
"logging;psij","8.45GB"
"logging;traceback;uuid","8.45GB"
"math;numpy","8.45GB"
"math;numpy;pandas","8.45GB"
"matplotlib","8.54GB"
"matplotlib;mplsoccer;numpy;pandas","8.54GB"
"matplotlib;numpy","8.54GB"
"matplotlib;os","8.54GB"
"matplotlib;os;pandas","8.54GB"
"matplotlib;sys","8.54GB"
"mlflow;os","8.76GB"
"mlflow;os;pathlib","8.76GB"
"mlflow;pathlib","8.76GB"
"multiprocessing;os;time","8.45GB"
"networkx;sklearn","8.45GB"
"numpy","8.45GB"
"numpy;os;pandas;sklearn;sys;torch","8.45GB"
"numpy;os;pandas;sklearn;torch","8.45GB"
"numpy;os;pathlib;pickle;proxystore;sys;tensorflow;time","8.45GB"
"numpy;os;sklearn;torch","8.45GB"
"numpy;os;tensorflow","8.45GB"
"numpy;os;time;uuid","8.45GB"
"numpy;pandas","8.45GB"
"numpy;pandas;random;sklearn","8.45GB"
"numpy;pandas;sklearn","8.45GB"
"numpy;pandas;statsmodels","8.5GB"
"numpy;pandas;tensorflow;time","8.45GB"
"numpy;pathlib;pickle;proxystore;sys;tensorflow;time","8.45GB"
"numpy;proxystore","8.45GB"
"numpy;pyhf;time","8.46GB"
"numpy;python_tsp;time","8.47GB"
"numpy;scipy;time","8.45GB"
"numpy;sklearn;torch","8.45GB"
"numpy;socket","8.45GB"
"numpy;sys","8.45GB"
"numpy;sys;time;uuid","8.45GB"
"numpy;tensorflow;time","8.45GB"
"numpy;time","8.45GB"
"os","8.45GB"
"os;pandas","8.45GB"
"os;pandas;subprocess","8.45GB"
"os;parsl;random","8.47GB"
"os;pathlib","8.45GB"
"os;pathlib;tarfile","8.45GB"
"os;pickle;pyhf","8.46GB"
"os;pickle;socket;subprocess;tempfile;time","8.45GB"
"os;pickle;subprocess;tempfile","8.45GB"
"os;platform","8.45GB"
"os;platform;subprocess","8.45GB"
"os;re;subprocess;tempfile","8.45GB"
"os;re;subprocess;tempfile;traceback","8.45GB"
"os;re;subprocess;traceback","8.45GB"
"os;requests","8.45GB"
"os;setproctitle","8.45GB"
"os;setproctitle;time","8.45GB"
"os;shlex;subprocess;time","8.45GB"
"os;shutil;subprocess","8.45GB"
"os;socket","8.45GB"
"os;socket;subprocess;time","8.45GB"
"os;socket;sys","8.45GB"
"os;subprocess","8.45GB"
"os;subprocess;tempfile","8.45GB"
"os;subprocess;tempfile;traceback","8.45GB"
"os;subprocess;time;uuid","8.45GB"
"os;subprocess;uuid","8.45GB"
"os;sys","8.45GB"
"os;sys;tempfile","8.45GB"
"os;tempfile","8.45GB"
"os;time","8.45GB"
"os;torch;torchvision","8.49GB"
"osprey","8.45GB"
"pandas","8.45GB"
"pathlib","8.45GB"
"pathlib;random","8.45GB"
"pathlib;sys","8.45GB"
"pathlib;tarfile","8.45GB"
"pathlib;traceback","8.45GB"
"pickle;pyhf","8.46GB"
"PIL;cv2;logging;numpy;os;re;time;torch;torchvision","9.56GB"
"PIL;cv2;logging;numpy;os;re;torch;torchvision","9.56GB"
"PIL;glob;os","8.47GB"
"platform","8.45GB"
"platform;scipy","8.45GB"
"platform;time","8.45GB"
"proxystore","8.45GB"
"proxystore;time","8.45GB"
"psij","8.45GB"
"psij;time","8.45GB"
"psutil;pynvml;subprocess","8.45GB"
"pyhf","8.46GB"
"pyhf;time","8.46GB"
"quickstats","8.55GB"
"random","8.45GB"
"random;time","8.45GB"
"re;subprocess","8.45GB"
"scipy","8.45GB"
"setproctitle","8.45GB"
"setproctitle;time","8.45GB"
"shlex;subprocess;time","8.45GB"
"shutil","8.45GB"
"shutil;subprocess","8.45GB"
"sklearn","8.45GB"
"socket","8.45GB"
"socket;subprocess;time","8.45GB"
"socket;time","8.45GB"
"statsmodels","8.5GB"
"subprocess","8.45GB"
"subprocess;sys","8.45GB"
"subprocess;sys;uuid","8.45GB"
"subprocess;tempfile","8.45GB"
"subprocess;time;uuid","8.45GB"
"sys","8.45GB"
"tarfile","8.45GB"
"tempfile","8.45GB"
"tensorflow","8.45GB"
"time","8.45GB"
"time;torch","8.45GB"
"timeit","8.45GB"
"torch","8.45GB"
"torch;torchvision","8.49GB"
"traceback","8.45GB"
"webbrowser","8.45GB"
