"argparse;copy;datetime;funcx;itertools;json;matplotlib;numpy;os;pathlib;shutil;sys;threading;typing","1.24GB"
"argparse;copy;funcx;itertools;json;matplotlib;numpy;os;pathlib;shutil;sys;threading;typing","1.23GB"
"argparse;sys","1.02GB"
"CLEAN","1.02GB"
"CLEAN;os","1.02GB"
"CLEAN;os;pandas","1.18GB"
"collections;dataset;imblearn;numpy;os;pandas;sklearn;sys;torch","6.52GB"
"collections;dataset;numpy;os;pandas;sklearn;sys;torch","6.51GB"
"collections;importlib;os;sys;torch","6.14GB"
"collections;importlib;os;torch","6.14GB"
"collections;os","1.01GB"
"colmena","1.08GB"
"common;data;h5py;json;matplotlib;numpy;os;pdb;quickstats;re","1.29GB"
"copy;datetime;h5py;json;numpy;os;pathlib;re;traceback","1.12GB"
"csv;json;os;pathlib;re","1.02GB"
"csv;numpy;os","1.1GB"
"csv;os","1.01GB"
"csv;os;pandas;pathlib","1.18GB"
"csv;pandas","1.18GB"
"cv2;numpy;pathlib;typing","2.17GB"
"datacite;datetime;hashlib;jsonschema;mimetypes;pathlib;puremagic;traceback;urllib","1.05GB"
"dataset;numpy;os;pandas;sklearn;sys;torch","6.51GB"
"dataset;numpy;os;pandas;sklearn;torch","6.51GB"
"dataset;os;pandas;sys;torch","6.32GB"
"datetime","1.02GB"
"datetime;fnmatch;identify;json;os;pathlib;re","1.02GB"
"datetime;fnmatch;identify;json;os;re","1.02GB"
"datetime;globus_sdk;identify;os;shutil;urllib3","1.05GB"
"datetime;hashlib;mimetypes;pathlib;puremagic;urllib","1.02GB"
"datetime;hashlib;pathlib","1.02GB"
"datetime;identify;os","1.02GB"
"datetime;identify;os;pathlib","1.02GB"
"datetime;identify;os;sys","1.02GB"
"datetime;numpy;scipy;time","1.24GB"
"datetime;platform;psutil;timeit","1.03GB"
"datetime;time","1.02GB"
"deriva;globus_sdk;os;requests;warnings","1.06GB"
"dill;pyhf","1.25GB"
"dill;pyhf;sys","1.25GB"
"eqsql;os;re;subprocess;traceback","1.08GB"
"fnmatch;globus_sdk;json;os;pathlib","1.04GB"
"funcx","1.06GB"
"funcx;math;networkx;numpy;pandas","1.23GB"
"funcx;numpy;os;pathlib;pickle;proxystore;sys;tensorflow;time","3.04GB"
"funcx;numpy;pandas","1.22GB"
"funcx;sys","1.06GB"
"glob","1.01GB"
"glob;os;pathlib","1.02GB"
"globus_sdk","1.04GB"
"globus_sdk;json;os","1.04GB"
"globus_sdk;json;os;pathlib","1.04GB"
"gzip;os;requests","1.02GB"
"h5py;json;matplotlib;numpy;os;pdb;quickstats;re","1.29GB"
"hashlib","1.01GB"
"hashlib;os","1.01GB"
"home_run;json;os;sys;time","1.02GB"
"home_run;json;os;time","1.02GB"
"identify;os","1.02GB"
"imageio;io;numpy;proxystore;time","1.14GB"
"importlib","1.01GB"
"inspect","1.01GB"
"io;pandas;urllib","1.18GB"
"ipdb","1.05GB"
"json","1.01GB"
"json;logging;os","1.01GB"
"json;logging;traceback;uuid","1.02GB"
"json;numpy","1.1GB"
"json;numpy;os;pathlib;re","1.1GB"
"json;numpy;proxystore","1.12GB"
"json;os","1.01GB"
"json;os;pathlib","1.02GB"
"json;os;socket","1.01GB"
"json;os;socket;sys","1.01GB"
"json;os;socket;sys;traceback","1.01GB"
"json;os;subprocess;tempfile","1.01GB"
"json;os;tempfile","1.01GB"
"json;pandas","1.18GB"
"json;pathlib","1.02GB"
"json;requests","1.02GB"
"json;time;ulid;yaml","1.03GB"
"kafka;proxystore","1.05GB"
"keras;numpy;pandas","3.08GB"
"libensemble;numpy;os;secrets;time","1.12GB"
"logging","1.01GB"
"logging;os;requests","1.02GB"
"logging;psij","1.02GB"
"logging;traceback;uuid","1.02GB"
"math;numpy","1.1GB"
"math;numpy;pandas","1.18GB"
"matplotlib","1.19GB"
"matplotlib;mplsoccer;numpy;pandas","1.42GB"
"matplotlib;numpy","1.19GB"
"matplotlib;os","1.19GB"
"matplotlib;os;pandas","1.27GB"
"matplotlib;sys","1.19GB"
"mlflow;os","1.73GB"
"mlflow;os;pathlib","1.73GB"
"mlflow;pathlib","1.73GB"
"multiprocessing;os;time","1.01GB"
"networkx;sklearn","1.31GB"
"numpy","1.1GB"
"numpy;os;pandas;sklearn;sys;torch","6.49GB"
"numpy;os;pandas;sklearn;torch","6.49GB"
"numpy;os;pathlib;pickle;proxystore;sys;tensorflow;time","3.03GB"
"numpy;os;sklearn;torch","6.42GB"
"numpy;os;tensorflow","3GB"
"numpy;os;time;uuid","1.1GB"
"numpy;pandas","1.18GB"
"numpy;pandas;random;sklearn","1.37GB"
"numpy;pandas;sklearn","1.37GB"
"numpy;pandas;statsmodels","1.37GB"
"numpy;pandas;tensorflow;time","3.08GB"
"numpy;pathlib;pickle;proxystore;sys;tensorflow;time","3.03GB"
"numpy;proxystore","1.12GB"
"numpy;pyhf;time","1.25GB"
"numpy;python_tsp;time","1.12GB"
"numpy;scipy;time","1.24GB"
"numpy;sklearn;torch","6.42GB"
"numpy;socket","1.1GB"
"numpy;sys","1.1GB"
"numpy;sys;time;uuid","1.1GB"
"numpy;tensorflow;time","3GB"
"numpy;time","1.1GB"
"os","1.01GB"
"os;pandas","1.18GB"
"os;pandas;subprocess","1.18GB"
"os;parsl;random","1.06GB"
"os;pathlib","1.02GB"
"os;pathlib;tarfile","1.02GB"
"os;pickle;pyhf","1.25GB"
"os;pickle;socket;subprocess;tempfile;time","1.01GB"
"os;pickle;subprocess;tempfile","1.01GB"
"os;platform","1.01GB"
"os;platform;subprocess","1.01GB"
"os;re;subprocess;tempfile","1.01GB"
"os;re;subprocess;tempfile;traceback","1.01GB"
"os;re;subprocess;traceback","1.01GB"
"os;requests","1.02GB"
"os;setproctitle","1.02GB"
"os;setproctitle;time","1.02GB"
"os;shlex;subprocess;time","1.01GB"
"os;shutil;subprocess","1.01GB"
"os;socket","1.01GB"
"os;socket;subprocess;time","1.01GB"
"os;socket;sys","1.01GB"
"os;subprocess","1.01GB"
"os;subprocess;tempfile","1.01GB"
"os;subprocess;tempfile;traceback","1.01GB"
"os;subprocess;time;uuid","1.02GB"
"os;subprocess;uuid","1.02GB"
"os;sys","1.01GB"
"os;sys;tempfile","1.01GB"
"os;tempfile","1.01GB"
"os;time","1.01GB"
"os;torch;torchvision","6.26GB"
"osprey","1.03GB"
"pandas","1.18GB"
"pathlib","1.02GB"
"pathlib;random","1.02GB"
"pathlib;sys","1.02GB"
"pathlib;tarfile","1.02GB"
"pathlib;traceback","1.02GB"
"pickle;pyhf","1.25GB"
"PIL;cv2;logging;numpy;os;re;time;torch;torchvision","7.33GB"
"PIL;cv2;logging;numpy;os;re;torch;torchvision","7.33GB"
"PIL;glob;os","1.04GB"
"platform","1.01GB"
"platform;scipy","1.24GB"
"platform;time","1.01GB"
"proxystore","1.05GB"
"proxystore;time","1.05GB"
"psij","1.02GB"
"psij;time","1.02GB"
"psutil;pynvml;subprocess","1.02GB"
"pyhf","1.25GB"
"pyhf;time","1.25GB"
"quickstats","1.27GB"
"random","1.01GB"
"random;time","1.01GB"
"re;subprocess","1.01GB"
"scipy","1.24GB"
"setproctitle","1.02GB"
"setproctitle;time","1.02GB"
"shlex;subprocess;time","1.01GB"
"shutil","1.01GB"
"shutil;subprocess","1.01GB"
"sklearn","1.3GB"
"socket","1.01GB"
"socket;subprocess;time","1.01GB"
"socket;time","1.01GB"
"statsmodels","1.37GB"
"subprocess","1.01GB"
"subprocess;sys","1.01GB"
"subprocess;sys;uuid","1.02GB"
"subprocess;tempfile","1.01GB"
"subprocess;time;uuid","1.02GB"
"sys","1.01GB"
"tarfile","1.01GB"
"tempfile","1.01GB"
"tensorflow","3GB"
"time","1.01GB"
"time;torch","6.14GB"
"timeit","1.01GB"
"torch","6.14GB"
"torch;torchvision","6.26GB"
"traceback","1.01GB"
"webbrowser","1.01GB"
