,Names,Count
0,os,658
1,numpy,321
2,time,300
3,pathlib,265
4,sys,236
5,subprocess,208
6,json,172
7,pandas,154
8,torch,138
9,tensorflow,90
10,pickle,83
11,proxystore,83
12,re,77
13,collections,70
14,sklearn,67
15,uuid,58
16,datetime,54
17,platform,52
18,dataset,51
19,pyhf,47
20,random,46
21,appfl,42
22,matplotlib,42
23,traceback,39
24,PIL,39
25,glob,36
26,psbench,32
27,psij,32
28,torchvision,32
29,socket,31
30,tempfile,31
31,hashlib,31
32,importlib,31
33,csv,27
34,src,25
35,logging,22
36,mlflow,22
37,identify,22
38,shutil,20
39,funcx,20
40,h5py,19
41,urllib,17
42,argparse,17
43,remote_db,16
44,mimetypes,16
45,puremagic,16
46,quickstats,15
47,mtrack,14
48,copy,14
49,pdb,14
50,requests,14
51,rpl_wei,14
52,evolutionary_solver,13
53,globus_sdk,12
54,dspaces,11
55,typing,11
56,pynq,11
57,libpressio,11
58,setproctitle,10
59,training,10
60,CLEAN,10
61,settings,10
62,cfde_ingest,9
63,search,9
64,scipy,9
65,mplsoccer,9
66,shlex,9
67,itertools,9
68,plate_color_analysis,9
69,threading,9
70,tarfile,8
71,networkx,8
72,color_picker_loop,8
73,cv2,7
74,datacite,7
75,jsonschema,7
76,fnmatch,7
77,ruamel,7
78,home_run,6
79,math,6
80,ulid,6
81,yaml,6
82,dill,5
83,webbrowser,5
84,pilot,4
85,psutil,4
86,timeit,4
87,sim_pack,4
88,statsmodels,4
89,flow_settings,4
90,flow_utilities,4
91,inspect,4
92,common,4
93,data,4
94,model,4
95,launch_parallel,3
96,hellp,3
97,parsl,3
98,xpcs_webplot,2
99,boost_corr,2
100,ipdb,2
101,ptychodus,2
102,python_tsp,2
103,io,2
104,flow_utlities,2
105,urllib3,2
106,eqsql,2
107,osprey,2
108,worker_pool,2
109,pkg_resources,1
110,pynvml,1
111,libensemble,1
112,secrets,1
113,c2m2_assessment,1
114,cfde_deriva,1
115,deriva,1
116,deriva_datapackage,1
117,warnings,1
118,imageio,1
119,rtdefects,1
120,keras,1
121,surprise,1
122,kafka,1
123,multiprocessing,1
124,genslm,1
125,colmena,1
126,imblearn,1
127,ajkshdasd,1
128,HighLevelFeatures,1
129,gzip,1
