,func4.name,imports,Cluster
0,0-04-_check_slurm_job_statuses.py,subprocess,Job
3,873-04-call_mtrack.py,mtrack;sys,Data:_mtrack
4,43-04-make_corr_plots.py,json;os;xpcs_webplot,Sci:_Instruments
6,3-04-submit_slurm_job.py,os;subprocess,Job
7,397-01-rejection_sample.py,random,Trivial
8,2837-01-compress.py,os;pandas;subprocess,"ML:_GNN,_inference"
10,1878-04-test_kernel.py,setproctitle,Trivial
13,869-04-remote_runner.py,os;socket;subprocess;time,Job
14,706-04-execute_funtion.py,os,Trivial
15,1578-04-calculate_subiso_remote_wrapper.py,os;pickle;subprocess;tempfile,Job
16,713-01-bruteforce_password.py,hashlib,Data:_local_manip
17,60-04-client_training.py,appfl;os,ML:_Fed_Learning
18,655-04-gather_xpcs_metadata.py,copy;datetime;h5py;json;numpy;os;pathlib;re;traceback,Sci:_Instruments
20,654-04-publish_gather_metadata.py,pathlib;pilot;traceback,Sci:_Instruments
21,1150-04-run_trajectory_gen.py,os;pickle;socket;subprocess;tempfile;time,Job
22,44-04-xpcs_boost_corr.py,boost_corr;json;logging;os,Sci:_Instruments
23,1912-04-evolve_state.py,random,Trivial
25,2818-01-collect.py,os;pandas;subprocess,"ML:_GNN,_inference"
26,41-04-publish_gather_metadata.py,pathlib;pilot;traceback,Sci:_Instruments
27,42-04-gather_xpcs_metadata.py,copy;datetime;h5py;json;numpy;os;pathlib;re;traceback,Sci:_Instruments
28,26-04-endpoint_test.py,torch,Trivial
30,2-04-_calculate_checksums.py,hashlib;os,Data:_Globus
31,871-04-dlhub_run.py,home_run;json;os;time,Job
32,376-04-call_mtrack.py,mtrack;sys,Data:_mtrack
33,424-04-client_training.py,appfl;collections;os,ML:_Fed_Learning
34,1432-04-model_run.py,numpy;tensorflow;time,ML:_Keras_and_Images
35,4-04-_make_remote_directories.py,os;tempfile,"ML:_GNN,_inference"
37,1909-04-rejection_sample.py,random,Trivial
38,284-04-kill_time.py,time,Trivial
39,434-04-pong.py,psbench;time,Data:_DSpace
40,997-01-pi.py,random,Trivial
41,1263-04-_get_hostname.py,socket,Trivial
42,1898-01-rejection_sample.py,random,Trivial
43,2400-04-task_kernel.py,src;sys,Trivial
44,215-04-get_system_stats.py,pkg_resources;psutil;pynvml;subprocess,Unclustered
47,904-04-pong_proxy.py,proxystore;psbench;time,Data:_DSpace
48,1844-04-client_training_flamby.py,appfl;collections;importlib;os;torch,ML:_Fed_Learning
49,1017-04-gather_metadata.py,json;pathlib,Sci:_Instruments
50,1009-04-call_mtrack.py,mtrack;sys,Data:_mtrack
51,601-04-sleep_func.py,time,Trivial
53,1434-01-jittery_multiply.py,random,Trivial
54,1025-04-call_mtrack.py,mtrack;sys,Data:_mtrack
55,433-04-pong_proxy.py,proxystore;psbench;time,Data:_DSpace
57,6-04-dlhub_run.py,home_run;json;os;time,Job
58,1246-04-getData.py,numpy;pandas,Data:_Animation
59,660-04-bruteforce_password.py,hashlib,Data:_local_manip
60,1760-04-client_training.py,appfl;os,ML:_Fed_Learning
61,2114-04-_pop_completed.py,remote_db;sys,Job
62,902-04-gather_metadata.py,json;pathlib,Sci:_Instruments
63,1465-04-endpoint_test.py,torch,Trivial
64,1643-04-infer_hypotest.py,numpy;pyhf;time,ML:_inference
65,1891-04-infer_hypotest.py,numpy;pyhf;time,ML:_inference
66,2027-04-train_and_validate.py,collections;dataset;numpy;os;pandas;sklearn;sys;torch,ML:_LSTM
67,792-04-pong_dspaces.py,dspaces;numpy;os;psbench;time;uuid,Data:_DSpace
68,1438-04-qsub_launch.py,shutil;subprocess,Job
69,2008-04-call_mtrack.py,mtrack;sys,Data:_mtrack
70,38-04-client_validate_data.py,appfl,ML:_Fed_Learning
71,323-04-client_testing.py,appfl;os,ML:_Fed_Learning
72,1697-04-pong.py,os;psbench;subprocess;time;uuid,Job
73,37-04-client_training.py,appfl;collections;os,ML:_Fed_Learning
74,1969-01-bruteforce_password.py,hashlib,Data:_local_manip
76,1308-04-qsub_launch.py,shutil;subprocess,Job
77,1431-04-local_fit.py,funcx;numpy;os;pathlib;pickle;proxystore;sys;tensorflow;time,ML:_Keras_and_Images
78,1908-04-rejection_sample.py,random,Trivial
80,295-04-dlhub_run.py,home_run;json;os;time,Job
81,938-04-get_colors_from_file.py,cv2;numpy;pathlib;typing,Sci:_Images
82,375-04-_remote_health_check.py,os,"ML:_GNN,_inference"
83,1767-04-infer_hypotest.py,pyhf;time,ML:_inference
84,1906-04-rejection_sample.py,random,Trivial
85,2656-04-glob_xpcs_datasets.py,pathlib,Sci:_Instruments
86,1841-04-client_training_flamby.py,appfl;collections;importlib;os;torch,ML:_Fed_Learning
87,1834-04-client_training_flamby.py,appfl;collections;importlib;os;torch,ML:_Fed_Learning
88,1907-04-rejection_sample.py,random,Trivial
89,2941-01-platinfo.py,platform,Trivial
90,2875-04-run_round.py,tensorflow,ML:_unknown
91,2043-04-train_and_validate.py,collections;dataset;numpy;os;pandas;sklearn;sys;torch,ML:_LSTM
92,253-01-cleanup.py,shutil,Trivial
93,2869-04-remote_runner.py,os;socket;subprocess;time,Job
94,1830-04-client_training_flamby.py,appfl;collections;importlib;os;torch,ML:_Fed_Learning
95,1429-04-local_fit.py,funcx;numpy;os;pathlib;pickle;proxystore;sys;tensorflow;time,ML:_Keras_and_Images
98,651-04-model_run.py,time,ML:_Keras_and_Images
101,1905-04-rejection_sample.py,random,Trivial
102,580-04-train_and_validate.py,collections;dataset;numpy;os;pandas;sklearn;sys;torch,ML:_LSTM
104,1837-04-client_validate_data_flamby.py,appfl;importlib,ML:_Fed_Learning
105,301-04-publishv2_gather_metadata.py,datacite;datetime;hashlib;jsonschema;mimetypes;pathlib;puremagic;traceback;urllib,Data:_Globus
106,1543-04-main.py,h5py;json;matplotlib;numpy;os;pdb;quickstats;re;training,"ML:_GNN,_force"
108,1153-04-lenet_inference.py,torch,"ML:_lenet,_alexnet"
109,2116-04-_submit_tasks.py,remote_db;sys,Job
110,1422-04-gather_metadata.py,csv;json;os;pathlib;re,Sci:_Instruments
111,956-04-run_forces_funcx.py,libensemble;numpy;os;secrets;time,"ML:_GNN,_force"
113,1286-04-main.py,quickstats,"ML:_GNN,_force"
114,86-04-run_detection.py,argparse;src;sys,Sci:_Images
118,1-04-call_mtrack.py,mtrack;sys,Data:_mtrack
119,1701-04-persistent_funcx_submitter.py,ipdb,ML:_Keras_and_Images
120,961-04-gather_metadata.py,json;pathlib,Sci:_Instruments
121,2238-04-gather_metadata.py,pathlib;random,Sci:_Instruments
122,394-04-func.py,platform;time,Trivial
123,2835-01-list_dir.py,os,Sci:_Instruments
126,710-03-bruteforce_password.py,hashlib,Data:_local_manip
127,1695-04-gather_metadata.py,json;pathlib,Sci:_Instruments
128,2314-04-create_alphafold.py,os;subprocess,"ML:_AlphaFold,_tomocupy"
129,473-04-run_wrapper.py,json;os;socket;sys,Job
130,1928-03-hello_world.py,platform,Trivial
131,1155-04-lenet_inference.py,torch,"ML:_lenet,_alexnet"
132,381-04-excel_to_csv.py,csv;os;pandas;pathlib,Unclustered
133,1144-04-lenet_inference.py,torch,"ML:_lenet,_alexnet"
134,1533-01-_status_job.py,psij;time,Job
135,1131-04-lenet_inference.py,os;torch;torchvision,"ML:_lenet,_alexnet"
136,2812-04-remote_runner.py,socket;subprocess;time,Job
137,977-04-infer_hypotest.py,pyhf;time,ML:_inference
139,1188-04-file_glob.py,glob,Sci:_Instruments
140,1685-04-gather_metadata.py,json;pathlib,Sci:_Instruments
141,896-01-handle_ai_calls.py,json;requests,Sci:_Instruments
142,540-01-hello_world.py,mlflow;os,Data:_MLflow
144,2298-04-ingest.py,cfde_ingest;logging;traceback;uuid,Data:_CFDE
145,3017-04-calculate_subiso_remote_wrapper.py,os;pickle;subprocess;tempfile,Job
147,1900-01-rejection_sample.py,random,Trivial
148,575-04-train_and_validate.py,collections;dataset;numpy;os;pandas;sklearn;sys;torch,ML:_LSTM
149,650-04-model_run.py,time,ML:_Keras_and_Images
151,978-04-prepare_workspace.py,pyhf,Sci:_High_Energy_Physics
152,697-04-ptychodus_reconstruct.py,pathlib;ptychodus,Sci:_Instruments
153,2265-04-local_fit.py,numpy;os;pathlib;pickle;proxystore;sys;tensorflow;time,ML:_Keras_and_Images
155,1573-04-run_round.py,timeit,ML:_Keras_and_Images
157,1085-04-get_job_status.py,psij;time,Job
159,1831-04-client_validate_data_flamby.py,appfl;importlib,ML:_Fed_Learning
161,2866-04-remote_runner.py,socket;subprocess;time,Job
162,2934-04-assemble_data.py,os;pathlib;search,Sci:_Instruments
163,1315-04-pong_dspaces.py,dspaces;numpy;os;psbench;time;uuid,Data:_DSpace
165,2014-04-train_and_validate.py,collections;dataset;numpy;os;pandas;sklearn;sys;torch,ML:_LSTM
166,652-04-model_run.py,numpy;tensorflow;time,ML:_Keras_and_Images
168,1151-04-lenet_inference.py,torch,"ML:_lenet,_alexnet"
169,577-04-train_and_validate.py,collections;dataset;numpy;os;pandas;sklearn;sys;torch,ML:_LSTM
170,2240-04-local_fit.py,numpy;os;pathlib;pickle;proxystore;sys;tensorflow;time,ML:_Keras_and_Images
171,1154-04-lenet_inference.py,torch,"ML:_lenet,_alexnet"
172,1490-04-pong_proxy.py,proxystore;psbench;time,Data:_DSpace
173,2760-01-funcx_echo.py,os,Trivial
174,819-04-train_and_validate.py,dataset;os;pandas;sys;torch,ML:_LSTM
175,1026-04-call_mtrack.py,mtrack;sys,Data:_mtrack
177,1358-04-_exec_cmd.py,os;subprocess,Job
178,962-04-gather_metadata.py,json;pathlib,Sci:_Instruments
179,2838-01-make_dir.py,os,"ML:_GNN,_inference"
180,1004-04-ingest.py,cfde_ingest;logging;traceback;uuid,Data:_CFDE
181,1228-04-pong_proxy.py,proxystore;psbench;time,Data:_DSpace
182,389-04-call_mtrack.py,mtrack;sys,Data:_mtrack
184,1152-04-lenet_inference.py,torch,"ML:_lenet,_alexnet"
185,374-04-run_detection.py,argparse;src;sys,Sci:_Images
186,772-04-slow_double.py,time,Trivial
188,2640-04-infer_hypotest.py,pyhf;time,ML:_inference
189,2347-04-reprioritize_queue.py,datetime;numpy;scipy;time,ML:_Keras_and_Images
190,1840-04-client_training_flamby.py,appfl;collections;importlib;os;torch,ML:_Fed_Learning
191,2016-04-train_and_validate.py,collections;dataset;numpy;os;pandas;sklearn;sys;torch,ML:_LSTM
192,2228-04-gather_metadata.py,json;pathlib,Sci:_Instruments
193,1849-04-client_training_flamby.py,appfl;collections;importlib;os;sys;torch,ML:_Fed_Learning
195,2039-04-train_and_validate.py,collections;dataset;numpy;os;pandas;sklearn;sys;torch,ML:_LSTM
196,676-03-sound.py,os,Trivial
198,2327-04-wait.py,time,Trivial
199,1419-04-local_fit.py,funcx;numpy;os;pathlib;pickle;proxystore;sys;tensorflow;time,ML:_Keras_and_Images
201,576-04-train_and_validate.py,collections;dataset;numpy;os;pandas;sklearn;sys;torch,ML:_LSTM
202,1754-04-func.py,setproctitle;time,Trivial
204,61-04-client_validate_data.py,appfl,ML:_Fed_Learning
205,307-04-add_func.py,time,Trivial
206,2072-04-pong_dspaces.py,numpy;os;psbench;time;uuid,Data:_DSpace
207,998-01-echo.py,os,Trivial
208,1435-04-list_dir.py,os,"ML:_GNN,_inference"
209,1974-03-bruteforce_password.py,hashlib,Data:_local_manip
210,1168-01-fpga_lenet.py,numpy;pynq,Trivial
211,1433-04-model_run.py,numpy;tensorflow;time,ML:_Keras_and_Images
212,636-04-run_wrapper.py,os;socket,Job
213,700-04-process_images.py,PIL;glob;os,Sci:_Images
214,734-04-gather_metadata.py,pathlib;random,Sci:_Instruments
216,656-04-parallel_workload.py,time,Trivial
218,1843-04-client_training_flamby.py,appfl;collections;importlib;os;torch,ML:_Fed_Learning
219,796-01-slow_double.py,random;time,Trivial
220,1420-04-publishv2_gather_metadata.py,datacite;datetime;hashlib;jsonschema;mimetypes;pathlib;puremagic;traceback;urllib,Data:_Globus
221,1648-04-run_pilot_wrapper_with_args.py,subprocess,Job
222,2189-04-wait3.py,time,Trivial
224,87-04-shell_cmd.py,os;subprocess,Job
227,1161-01-fpga_vecadd.py,numpy;pynq,Trivial
228,1394-04-local_fit.py,numpy;os;pathlib;pickle;proxystore;sys;tensorflow;time,ML:_Keras_and_Images
229,1462-04-slow_func.py,time,Trivial
230,1713-04-run_round.py,datetime;platform;psutil;timeit,ML:_Keras_and_Images
231,994-01-_remote_health_check.py,os,"ML:_GNN,_inference"
232,1191-04-getAnimation.py,matplotlib;mplsoccer;numpy;pandas,Data:_Animation
233,1401-04-model_run.py,numpy;pandas;tensorflow;time,ML:_Keras_and_Images
235,1764-04-prepare_workspace.py,pickle;pyhf,Sci:_High_Energy_Physics
236,893-04-publish_gather_metadata.py,pilot;traceback,Sci:_Instruments
237,817-01-something.py,proxystore,Trivial
238,2660-04-qsub_launch.py,subprocess,Job
239,2524-01-write_file.py,launch_parallel;numpy;sys;time;uuid,"ML:_GNN,_inference"
240,2075-04-download_cc.py,os;requests,Data:_Common_Crawl
241,2372-04-prepare_workspace.py,pyhf,Sci:_High_Energy_Physics
242,535-01-hello_world.py,mlflow;os;pathlib,Data:_MLflow
243,1972-01-bruteforce_password.py,hashlib,Data:_local_manip
244,1398-04-model_run.py,numpy;pandas;tensorflow;time,ML:_Keras_and_Images
245,2847-04-bruteforce_password.py,hashlib,Data:_local_manip
246,1521-04-gather_metadata.py,json;numpy;os;pathlib;re,Sci:_Instruments
247,1136-04-alexnet_inference.py,torch,"ML:_lenet,_alexnet"
248,1418-04-qsub_launch.py,os;shutil;subprocess,Job
249,960-04-ingest.py,cfde_ingest;logging;traceback;uuid,Data:_CFDE
250,305-04-c2_check_contam.py,json;pandas,Sci:_Instruments
251,1130-04-lenet_inference.py,os;torch;torchvision,"ML:_lenet,_alexnet"
252,344-01-add_func.py,time,Trivial
253,2749-01-collect.py,os;pandas;subprocess,"ML:_GNN,_inference"
254,1846-04-client_training_flamby.py,appfl;collections;importlib;os;torch,ML:_Fed_Learning
255,1171-04-GNN_test.py,os;shlex;subprocess;time,"ML:_GNN,_inference"
256,2011-04-train_and_validate.py,collections;dataset;numpy;os;pandas;sklearn;sys;torch,ML:_LSTM
257,2257-04-local_fit.py,numpy;os;pathlib;pickle;proxystore;sys;tensorflow;time,ML:_Keras_and_Images
259,1470-04-execute.py,os;pandas;subprocess,"ML:_GNN,_inference"
260,1426-04-local_fit.py,funcx;numpy;os;pathlib;pickle;proxystore;sys;tensorflow;time,ML:_Keras_and_Images
261,313-04-process_images.py,PIL;glob;os,Sci:_Images
262,2021-04-train_and_validate.py,collections;dataset;numpy;os;pandas;sklearn;sys;torch,ML:_LSTM
263,1704-04-gather_metadata.py,json;pathlib,Sci:_Instruments
264,1223-04-pong_proxy.py,proxystore;psbench;time,Data:_DSpace
265,1702-04-persistent_funcx_submitter.py,ipdb,ML:_Keras_and_Images
266,2126-04-start_flask.py,remote_db;sys,Job
267,91-04-update_client.py,subprocess,Job
268,62-04-client_check_cuda.py,torch,Trivial
269,386-04-run_wrapper.py,json;os;socket;sys,Job
270,1201-04-gnn.py,os,"ML:_GNN,_inference"
271,103-01-division_by_zero.py,time,Trivial
272,2015-04-train_and_validate.py,collections;dataset;numpy;os;pandas;sklearn;sys;torch,ML:_LSTM
273,1270-04-main.py,h5py;json;matplotlib;numpy;os;pdb;quickstats;re;training,"ML:_GNN,_force"
274,619-04-pong_proxy.py,proxystore;psbench;time,Data:_DSpace
275,2511-04-infer_hypotest.py,numpy;pyhf;time,ML:_inference
276,2009-04-train_and_validate.py,dataset;numpy;os;pandas;sklearn;sys;torch,ML:_LSTM
277,898-04-platinfo.py,platform,Trivial
279,1456-04-predict.py,os;pandas;subprocess,"ML:_GNN,_inference"
282,666-03-sound.py,os,Trivial
283,2512-04-infer_hypotest.py,numpy;pyhf;time,ML:_inference
285,2994-04-pyvs.py,funcx;sys,Trivial
286,293-01-time_import_installed.py,sim_pack;time,Trivial
288,2407-04-start_flask.py,remote_db;sys,Job
291,2394-04-client_validate_data.py,hellp;sys,ML:_Fed_Learning
292,1370-04-local_fit.py,numpy;os;pathlib;pickle;proxystore;sys;tensorflow;time,ML:_Keras_and_Images
293,1281-04-tsp.py,numpy;python_tsp;time,Trivial
294,877-01-GNN_test.py,os;shlex;subprocess;time,"ML:_GNN,_inference"
296,486-04-run_wrapper.py,json;os;socket;sys;traceback,Job
297,1173-04-create_tar.py,tarfile,Sci:_Images
298,1145-04-lenet_inference.py,torch,"ML:_lenet,_alexnet"
299,2615-01-remoteGetUndirectedMovieGraph.py,networkx;sklearn,"ML:_GNN,_inference"
300,304-04-c2_blank_adjust.py,csv;pandas,Sci:_Instruments
301,452-04-dither_images.py,PIL;glob;os,Sci:_Images
302,2295-04-reprioritize_queue.py,numpy;scipy;time,ML:_Keras_and_Images
303,2136-04-qsub_launch.py,subprocess,Job
304,2360-04-add_func.py,torch,Trivial
305,382-04-gather_metadata.py,csv;json;os;pathlib;re,Sci:_Instruments
306,1823-01-list_dir.py,os,"ML:_GNN,_inference"
307,2169-04-_launch_worker_pool.py,os;subprocess;tempfile,Job
308,1541-04-gather_metadata.py,json;numpy;os;pathlib;re,Sci:_Instruments
309,888-04-cfde_fair_assessment.py,c2m2_assessment;cfde_deriva;deriva;deriva_datapackage;globus_sdk;os;requests;warnings,Data:_CFDE
310,2319-04-qsub_launch.py,subprocess,Job
311,2115-04-_update_priorities.py,remote_db;sys,Job
312,1464-04-jittery_multiply.py,random,Trivial
314,416-04-hello_world.py,socket;time,Trivial
315,2085-04-main.py,h5py;json;matplotlib;numpy;os;pdb;quickstats;re;training,"ML:_GNN,_force"
316,2370-01-sys_exec.py,os;sys,Trivial
317,2032-04-train_and_validate.py,collections;dataset;numpy;os;pandas;sklearn;sys;torch,ML:_LSTM
320,903-04-get_colors_from_file.py,cv2;numpy;pathlib;typing,Sci:_Images
321,2034-04-train_and_validate.py,collections;dataset;numpy;os;pandas;sklearn;sys;torch,ML:_LSTM
322,696-01-pi.py,random,Trivial
323,637-04-run_wrapper.py,json;os;socket;sys,Job
324,1174-04-GNN_test.py,os;shlex;subprocess;time,"ML:_GNN,_inference"
326,1480-04-prepare_workspace.py,time,Sci:_High_Energy_Physics
327,1632-04-cubicMetersPerLiter.py,platform;scipy,Trivial
328,2086-04-_launch_worker_pool.py,os;subprocess;tempfile,Job
332,2427-04-start_flask.py,remote_db;sys,Job
334,291-04-ohai.py,time,Trivial
335,1481-04-prepare_workspace.py,os;pickle;pyhf,Sci:_High_Energy_Physics
336,2920-04-project_function.py,statsmodels,"ML:_GNN,_inference"
337,714-04-process_images.py,PIL;glob;os,Sci:_Images
338,1762-01-write_file.py,launch_parallel;numpy;sys;time;uuid,"ML:_GNN,_inference"
340,2194-04-create_alphafold.py,os;subprocess,"ML:_AlphaFold,_tomocupy"
341,1572-04-run_round.py,datetime;platform;psutil;timeit,ML:_Keras_and_Images
342,470-04-run_wrapper.py,json;os;socket;sys;traceback,Job
345,303-04-c2_gen_graphs.py,matplotlib;os;pandas,Sci:_Instruments
347,1254-04-getPlot.py,matplotlib;numpy,"ML:_GNN,_inference"
350,887-01-GCN_test.py,os;time,"ML:_GNN,_inference"
352,1227-04-extract_data.py,datetime;fnmatch;identify;json;os;pathlib;re;ruamel,Sci:_Instruments
353,858-04-bruteforce_password.py,hashlib,Data:_local_manip
354,1310-04-local_fit.py,numpy;pathlib;pickle;proxystore;sys;tensorflow;time,ML:_Keras_and_Images
355,2278-04-excel_to_csv.py,csv;os;pandas;pathlib,Unclustered
356,1325-04-make_publication_records.py,subprocess,Sci:_Instruments
357,2635-01-remoteGetData.py,pandas,"ML:_GNN,_inference"
358,852-04-remote_indexing.py,subprocess,Sci:_Instruments
359,1165-04-ohai.py,time,Trivial
360,1063-04-print_hw.py,numpy,Trivial
362,1247-04-getData.py,matplotlib;mplsoccer;numpy;pandas,Data:_Animation
363,2227-04-local_fit.py,numpy;os;pathlib;pickle;proxystore;sys;tensorflow;time,ML:_Keras_and_Images
364,1415-04-gather_metadata.py,json;pathlib,Sci:_Instruments
366,1235-04-get_file_data.py,datetime;flow_settings;identify;os;sys,Sci:_Instruments
367,2093-04-foo.py,random,Trivial
368,2231-04-cleanup_files.py,pathlib,Sci:_Instruments
369,2366-04-remoteGetRecommendation.py,math;numpy;pandas,"ML:_GNN,_inference"
370,1314-04-pong_dspaces.py,dspaces;numpy;os;psbench;time;uuid,Data:_DSpace
371,999-01-get_date.py,datetime,Trivial
372,396-01-hello_world.py,os,Trivial
374,499-04-call_mtrack.py,mtrack;sys,Data:_mtrack
375,306-04-excel_to_csv.py,csv;os;pandas;pathlib,Unclustered
376,585-04-test_kernel.py,os;setproctitle,Trivial
377,972-01-run_experiment.py,pathlib;random,Sci:_Instruments
379,346-04-sleep_func.py,time,Trivial
380,1755-04-client_validate_data.py,appfl,ML:_Fed_Learning
381,1854-04-client_training_flamby.py,appfl;collections;importlib;os;sys;torch,ML:_Fed_Learning
382,2275-04-c2_gen_graphs.py,matplotlib;os,Sci:_Instruments
383,944-01-file_size.py,platform,Trivial
384,1397-04-model_run.py,numpy;pandas;tensorflow;time,ML:_Keras_and_Images
386,1715-04-gather_metadata.py,json;pathlib,Sci:_Instruments
388,1478-04-create_alphafold.py,os;subprocess,"ML:_AlphaFold,_tomocupy"
389,2461-04-test.py,os,Trivial
390,1571-04-run_round.py,datetime;platform;psutil;timeit,ML:_Keras_and_Images
391,495-04-platform.py,os;platform,Trivial
392,2915-01-GCN_test.py,os;shlex;subprocess;time,"ML:_GNN,_inference"
395,555-04-remote_indexing.py,subprocess,Sci:_Instruments
397,2213-04-local_fit.py,numpy;os;pathlib;pickle;proxystore;sys;tensorflow;time,ML:_Keras_and_Images
398,1196-04-submit_data.py,globus_sdk;json;os,Sci:_Instruments
399,2038-04-train_and_validate.py,collections;dataset;numpy;os;pandas;sklearn;sys;torch,ML:_LSTM
400,2012-04-train_and_validate.py,collections;dataset;numpy;os;pandas;sklearn;sys;torch,ML:_LSTM
401,1125-01-platinfo.py,os;platform,Trivial
402,973-01-tsp.py,numpy;python_tsp;time,Trivial
403,861-04-double.py,time,Trivial
405,1664-04-download_cc.py,os;requests,Data:_Common_Crawl
406,1055-04-download_cc.py,os;requests,Data:_Common_Crawl
407,2219-04-local_fit.py,numpy;os;pathlib;pickle;proxystore;sys;tensorflow;time,ML:_Keras_and_Images
408,882-01-GCN_test.py,os;shlex;subprocess;time,"ML:_GNN,_inference"
409,1910-04-_funcx_func.py,imageio;io;numpy;proxystore;rtdefects;time,ML:_Keras_and_Images
410,320-04-app_sum.py,numpy,Trivial
411,1142-04-make_corr_plots.py,json;os;xpcs_webplot,Sci:_Instruments
412,1202-04-gnn.py,os,"ML:_GNN,_inference"
413,959-04-_start_scheduled_pool.py,os;re;subprocess;tempfile,Job
414,658-04-run_wrapper.py,json;os;socket;sys,Job
415,1813-01-mpi_operation.py,os;subprocess,Job
416,2062-04-pong_dspaces.py,numpy;os;psbench;time;uuid,Data:_DSpace
417,2343-04-prepare_workspace.py,pyhf,Sci:_High_Energy_Physics
418,1756-04-add_func.py,time;torch,Trivial
419,878-04-publish_gather_metadata.py,pilot;traceback,Sci:_Instruments
420,1003-04-run_detection.py,argparse;src;sys,Sci:_Images
422,391-01-hello_world.py,os;pandas,Trivial
424,1746-01-division_by_zero.py,os,"ML:_GNN,_inference"
426,302-04-gather_metadata.py,csv;json;os;pathlib;re,Sci:_Instruments
430,2516-04-generate_numbers.py,random,Trivial
431,2259-04-local_fit.py,numpy;os;pathlib;pickle;proxystore;sys;tensorflow;time,ML:_Keras_and_Images
432,639-04-run_wrapper.py,json;os;socket;sys,Job
433,910-04-_cancel_pool.py,psij;time,Job
434,2248-04-local_fit.py,numpy;os;pathlib;pickle;proxystore;sys;tensorflow;time,ML:_Keras_and_Images
435,1699-04-create_colabfold.py,os;subprocess,"ML:_AlphaFold,_tomocupy"
436,296-04-tar.py,os;pathlib;tarfile,Sci:_Instruments
438,2268-04-c2_gen_graphs.py,matplotlib;os,Sci:_Instruments
439,673-03-sound2.py,os;time,Trivial
440,2642-01-cubicMetersPerLiter.py,platform;scipy,Trivial
441,908-04-run_detection.py,argparse;src;sys,Sci:_Images
444,2456-04-create_alphafold.py,os;subprocess,"ML:_AlphaFold,_tomocupy"
445,1766-04-prepare_workspace.py,pyhf,Sci:_High_Energy_Physics
446,2388-04-test_func.py,src;sys,Trivial
447,1087-04-submit_job.py,re;subprocess,Job
451,1851-04-client_training_flamby.py,appfl;collections;importlib;os;sys;torch,ML:_Fed_Learning
453,1306-04-client_testing.py,appfl;os,ML:_Fed_Learning
455,724-04-process_images.py,PIL;glob;os,Sci:_Images
456,1045-04-infer_p_values.py,os,"ML:_GNN,_inference"
457,1423-04-local_fit.py,funcx;numpy;os;pathlib;pickle;proxystore;sys;tensorflow;time,ML:_Keras_and_Images
458,2220-04-local_fit.py,numpy;os;pathlib;pickle;proxystore;sys;tensorflow;time,ML:_Keras_and_Images
459,1226-04-pong_proxy.py,proxystore;psbench;time,Data:_DSpace
460,2541-04-prepare_workspace.py,pyhf,Sci:_High_Energy_Physics
461,2491-04-create_tar.py,tarfile,Sci:_Images
462,1044-04-publishv2.py,datacite;datetime;hashlib;jsonschema;mimetypes;pathlib;puremagic;traceback;urllib,Data:_Globus
463,526-04-model_run.py,numpy;pandas;tensorflow;time,ML:_Keras_and_Images
464,1602-04-lenet_inference.py,os;torch;torchvision,"ML:_lenet,_alexnet"
465,1771-04-prepare_workspace.py,pickle;pyhf,Sci:_High_Energy_Physics
466,1318-04-pong_dspaces.py,dspaces;numpy;os;psbench;time;uuid,Data:_DSpace
468,1042-04-write_list_to_csv.py,csv;os,"ML:_GNN,_inference"
469,2270-04-c2_check_contam.py,json;pandas,Sci:_Instruments
470,2198-04-_pop_completed.py,remote_db;sys,Job
471,1319-04-pong_dspaces.py,dspaces;numpy;os;psbench;time;uuid,Data:_DSpace
472,380-04-c2_gen_graphs.py,matplotlib;os;pandas,Sci:_Instruments
473,383-04-run_detection.py,argparse;src;sys,Sci:_Images
474,2280-04-excel_to_csv.py,csv;os;pandas;pathlib,Unclustered
475,2996-04-main.py,h5py;json;matplotlib;numpy;os;pdb;quickstats;re;training,"ML:_GNN,_force"
476,1773-04-prepare_workspace.py,pickle;pyhf,Sci:_High_Energy_Physics
478,428-01-tomocupy_wrapper.py,subprocess,"ML:_AlphaFold,_tomocupy"
479,1058-04-infer_p_values.py,os,"ML:_GNN,_inference"
480,618-04-test_kernel.py,os;setproctitle;time,Trivial
481,2434-01-start_flask.py,remote_db;sys,Job
484,549-04-remote_indexing.py,subprocess,Sci:_Instruments
485,2362-01-status_job.py,psij;time,Job
487,1027-04-train_and_validate.py,dataset;numpy;os;pandas;sklearn;sys;torch,ML:_LSTM
488,543-01-tomocupy_wrapper.py,subprocess,"ML:_AlphaFold,_tomocupy"
489,2036-04-train_and_validate.py,collections;dataset;numpy;os;pandas;sklearn;sys;torch,ML:_LSTM
490,1267-04-main.py,h5py;json;matplotlib;numpy;os;pdb;quickstats;re;training,"ML:_GNN,_force"
492,1611-04-test.py,os,Trivial
493,2421-01-hello_world.py,os;platform;subprocess,Trivial
494,2645-01-submit_job_bebop.py,logging;psij,Job
495,2573-01-x2.py,proxystore,Trivial
496,1550-04-app_double.py,json;libpressio;numpy,Trivial
498,2320-04-create_alphafold.py,os;subprocess,"ML:_AlphaFold,_tomocupy"
499,2292-04-c2_check_contam.py,json;pandas,Sci:_Instruments
502,2094-04-gather_metadata.py,datetime;hashlib;pathlib,Sci:_Instruments
503,1789-04-prepare_workspace.py,dill;pyhf;sys,Sci:_High_Energy_Physics
504,2703-01-alphafold.py,os;subprocess;time;uuid,"ML:_GNN,_inference"
505,1842-04-process_images.py,PIL;glob;os,Sci:_Images
506,1899-01-rejection_sample.py,random,Trivial
507,1551-04-app_sum.py,libpressio;numpy,Trivial
508,2341-04-infer_hypotest.py,pyhf;time,ML:_inference
509,1326-04-run_autocurator.py,subprocess,Sci:_Instruments
511,1316-04-pong_dspaces.py,dspaces;numpy;os;psbench;time;uuid,Data:_DSpace
512,1819-01-queue_info.py,os;subprocess,Trivial
514,541-04-expression.py,numpy;pandas,Unclustered
515,561-04-hello_world.py,mlflow;os;pathlib,Data:_MLflow
516,2688-01-alphafold.py,os;subprocess;time;uuid,"ML:_GNN,_inference"
517,982-04-print_hw.py,numpy;time,Trivial
519,1324-04-print_hw.py,numpy,Trivial
520,453-04-dither_images.py,PIL;glob;os,Sci:_Images
521,2425-01-hello_world.py,platform,Trivial
522,1346-04-generate_mapfile.py,os;sys;tempfile,Sci:_Instruments
523,482-04-call_mtrack.py,mtrack;sys,Data:_mtrack
524,1198-04-extract_data.py,os;pathlib;search,Sci:_Instruments
525,2081-04-submit_data.py,globus_sdk;json;os;pathlib,Sci:_Instruments
526,939-04-print_hw.py,numpy,Trivial
527,2274-04-qsub_launch.py,os;shutil;subprocess,Job
529,1634-04-sleeper.py,time,Trivial
531,2181-01-test.py,os;subprocess;time;uuid,Trivial
532,2188-04-ingest.py,cfde_ingest;logging;traceback;uuid,Data:_CFDE
533,1050-04-infer_p_values.py,os,"ML:_GNN,_inference"
534,67-04-generate_mapfile.py,subprocess;sys;uuid,Sci:_Instruments
535,334-04-batch_job_done.py,os,Trivial
536,2018-04-train_and_validate.py,collections;dataset;numpy;os;pandas;sklearn;sys;torch,ML:_LSTM
537,850-04-remote_indexing.py,subprocess,Sci:_Instruments
538,2969-04-get_file_data.py,os,Sci:_Instruments
539,66-04-run_autocurator.py,subprocess;sys,Sci:_Instruments
541,1047-04-infer_p_values.py,CLEAN;os,"ML:_GNN,_inference"
542,3001-01-alphafold.py,os;subprocess;time;uuid,"ML:_GNN,_inference"
543,2279-04-c2_check_contam.py,json;pandas,Sci:_Instruments
544,844-04-remote_indexing.py,subprocess,Sci:_Instruments
546,1337-04-generate_mapfile.py,subprocess;tempfile,Sci:_Instruments
548,1172-04-dlhub_run.py,home_run;json;os;time,Job
549,1200-04-gnn.py,os,"ML:_GNN,_inference"
554,1640-04-run_pilot_wrapper_with_args.py,subprocess,Job
555,2048-04-train_and_validate.py,collections;dataset;numpy;os;pandas;sklearn;sys;torch,ML:_LSTM
556,932-04-_start_scheduled_pool.py,os;re;subprocess;tempfile;traceback,Job
557,1301-01-db_start.py,os;subprocess,Job
559,2510-04-infer_hypotest.py,numpy;pyhf;time,ML:_inference
560,2299-04-qsub_launch.py,subprocess,Job
561,720-04-process_images.py,PIL;glob;os,Sci:_Images
562,2107-04-slow_double.py,random;time,Trivial
564,1141-04-xpcs_boost_corr.py,boost_corr;json;logging;os,Sci:_Instruments
566,1234-04-get_file_data.py,datetime;flow_utlities;identify;os,Sci:_Instruments
567,2978-04-get_file_data.py,datetime;flow_utlities;identify;os;sys,Sci:_Instruments
569,1557-04-app_double.py,libpressio,Trivial
570,2173-04-ingest.py,cfde_ingest;json;logging;traceback;uuid,Data:_CFDE
571,2382-04-add_func.py,torch,Trivial
572,2344-04-prepare_workspace.py,pyhf,Sci:_High_Energy_Physics
574,1863-04-client_training_flamby.py,appfl;collections;importlib;os;torch,ML:_Fed_Learning
575,2373-01-sys_exec.py,sys,Trivial
576,2628-01-remoteGetData.py,pandas,"ML:_GNN,_inference"
577,909-04-_pool_status.py,psij;time,Job
578,1403-04-model_run.py,numpy;pandas;tensorflow;time,ML:_Keras_and_Images
580,1476-04-prepare_workspace.py,pickle;pyhf,Sci:_High_Energy_Physics
581,1655-04-generate_mapfile.py,json;os;subprocess;tempfile,Sci:_Instruments
582,659-04-run_wrapper.py,os;socket;sys,Job
583,2359-04-prepare_workspace.py,pyhf,Sci:_High_Energy_Physics
585,1199-04-gnn.py,os,"ML:_GNN,_inference"
586,2405-04-expensive_task.py,time,Trivial
587,2356-01-test.py,numpy,Trivial
589,1487-04-prepare_workspace.py,os;pickle;pyhf,Sci:_High_Energy_Physics
590,1861-04-client_training_flamby.py,appfl;collections;importlib;os;torch,ML:_Fed_Learning
591,1981-01-bruteforce_password.py,hashlib,Data:_local_manip
592,1829-04-shell_cmd.py,os;subprocess,Job
594,2523-04-generate_numbers.py,random,Trivial
595,1649-04-func.py,setproctitle;time,Trivial
596,1786-04-simple.py,numpy,Trivial
597,2358-04-add_func.py,torch,Trivial
598,1850-04-client_training_flamby.py,appfl;collections;importlib;os;sys;torch,ML:_Fed_Learning
599,971-01-gather_metadata.py,datetime;hashlib;pathlib,Sci:_Instruments
601,2284-04-gather_metadata.py,csv;json;os;pathlib;re,Sci:_Instruments
602,2246-04-gather_metadata.py,pathlib;random,Sci:_Instruments
603,1666-04-download_cc.py,logging;os;requests,Data:_Common_Crawl
604,2808-01-write_csv.py,pandas,"ML:_GNN,_inference"
605,881-04-untar.py,pathlib;tarfile,Sci:_Instruments
606,795-01-slow_double.py,random;time,Trivial
609,2263-04-local_fit.py,numpy;os;pathlib;pickle;proxystore;sys;tensorflow;time,ML:_Keras_and_Images
610,2183-04-create_alphafold.py,os;subprocess,"ML:_AlphaFold,_tomocupy"
612,1785-04-prepare_workspace.py,pyhf,Sci:_High_Energy_Physics
614,645-04-test_parsl.py,os;parsl;random,Trivial
615,2346-04-reprioritize_queue.py,datetime;numpy;scipy;time,ML:_Keras_and_Images
616,1140-04-lenet_inference.py,torch,"ML:_lenet,_alexnet"
617,1341-04-generate_mapfile.py,subprocess;tempfile,Sci:_Instruments
618,2386-04-test_func.py,src;sys,Trivial
621,1525-04-gather_metadata.py,json;numpy;os;pathlib;re,Sci:_Instruments
622,1716-04-gather_metadata.py,json;pathlib,Sci:_Instruments
623,2894-04-expression.py,numpy;pandas,Unclustered
624,1040-04-write_list_to_csv.py,csv;numpy;os,"ML:_GNN,_inference"
626,2023-04-train_and_validate.py,collections;dataset;numpy;os;pandas;sklearn;sys;torch,ML:_LSTM
627,560-04-hello_world.py,mlflow;os;pathlib,Data:_MLflow
628,1300-01-db_start.py,os;subprocess,Job
629,2790-01-funcx_date.py,datetime,Trivial
630,1864-04-client_training_flamby.py,appfl;collections;importlib;os;torch,ML:_Fed_Learning
631,1327-04-generate_mapfile.py,json;os;tempfile,Sci:_Instruments
632,1002-04-run_detection.py,argparse;src;sys,Sci:_Images
633,534-01-hello_world.py,mlflow;os;pathlib,Data:_MLflow
634,1195-04-example_funcx_kernel.py,setproctitle;time,Trivial
636,2724-01-compress.py,os;pandas;subprocess,"ML:_GNN,_inference"
637,786-04-add_func.py,time,Trivial
638,2175-04-qsub_launch.py,subprocess,Job
641,2204-01-hello_world.py,flow_utilities,Trivial
642,1262-04-_launch_worker_pool.py,os;subprocess;tempfile;traceback,Job
643,1671-04-run.py,argparse;color_picker_loop;copy;datetime;evolutionary_solver;funcx;itertools;json;matplotlib;numpy;os;pathlib;plate_color_analysis;rpl_wei;shutil;sys;threading;typing,Sci:_Images
645,2397-04-client_validate_data.py,src;sys,ML:_Fed_Learning
646,1499-01-status_job.py,psij;time,Job
647,1197-04-assemble_data.py,os;pathlib;search,Sci:_Instruments
648,2426-04-start_flask.py,remote_db;sys,Job
650,2900-04-lenet_inference.py,os;torch;torchvision,"ML:_lenet,_alexnet"
651,2991-04-pyvs.py,sys,Trivial
652,2636-04-remoteGetData.py,pandas,"ML:_GNN,_inference"
653,1528-04-gather_metadata.py,json;numpy;os;pathlib;re,Sci:_Instruments
654,581-04-train_and_validate.py,collections;dataset;numpy;os;pandas;sklearn;sys;torch,ML:_LSTM
657,1482-04-funcx_sum.py,time,Trivial
658,2082-04-assemble_data.py,fnmatch;globus_sdk;json;os;pathlib;ruamel,Sci:_Instruments
661,2367-04-remoteGetUndirectedMovieGraph.py,networkx;sklearn,"ML:_GNN,_inference"
662,2817-04-process_images.py,PIL;glob;os,Sci:_Images
663,2214-04-gather_metadata.py,pathlib,Sci:_Instruments
665,1400-04-model_run.py,numpy;pandas;tensorflow;time,ML:_Keras_and_Images
666,2258-04-local_fit.py,numpy;os;pathlib;pickle;proxystore;sys;tensorflow;time,ML:_Keras_and_Images
669,65-04-make_publication_records.py,subprocess;sys,Sci:_Instruments
672,2650-04-glob_xpcs_datasets.py,pathlib,Sci:_Instruments
673,1369-04-local_fit.py,numpy;pathlib;pickle;proxystore;sys;tensorflow;time,ML:_Keras_and_Images
674,442-04-dither_images.py,PIL;glob;os,Sci:_Images
675,2889-04-lenet_inference.py,os;torch;torchvision,"ML:_lenet,_alexnet"
678,1605-04-lenet_inference.py,os;torch;torchvision,"ML:_lenet,_alexnet"
679,1225-04-submit_data.py,globus_sdk;json;os;pathlib,Sci:_Instruments
680,1176-04-wine_file_reader.py,io;pandas;urllib,"ML:_GNN,_inference"
681,2518-04-parallel_workload.py,time,Trivial
684,2249-04-local_fit.py,numpy;os;pathlib;pickle;proxystore;sys;tensorflow;time,ML:_Keras_and_Images
685,1252-04-get_file_data.py,datetime;globus_sdk;identify;os;shutil;urllib3,Sci:_Instruments
686,2643-01-cancel_job.py,psij;time,Job
687,2033-04-train_and_validate.py,collections;dataset;numpy;os;pandas;sklearn;sys;torch,ML:_LSTM
688,1489-04-prepare_workspace.py,pickle;pyhf,Sci:_High_Energy_Physics
690,2921-04-project_function.py,numpy,Trivial
691,1638-04-hello_world.py,subprocess,Job
695,1832-04-client_training_flamby.py,appfl;collections;importlib;os;torch,ML:_Fed_Learning
696,552-03-hello_world_sleepy.py,time,Trivial
697,1206-04-gnn.py,os,"ML:_GNN,_inference"
698,2017-04-train_and_validate.py,collections;dataset;numpy;os;pandas;sklearn;sys;torch,ML:_LSTM
700,1402-04-model_run.py,numpy;pandas;tensorflow;time,ML:_Keras_and_Images
701,2479-01-status_job.py,psij;time,Job
702,1137-04-alexnet_inference.py,torch,"ML:_lenet,_alexnet"
703,484-04-funcx_platformName.py,platform,Trivial
705,449-04-dither_images.py,PIL;glob;os,Sci:_Images
707,2886-01-fpga_vecadd.py,numpy;pynq,Trivial
710,1496-01-status_job.py,psij;time,Job
711,704-01-hello_world.py,platform,Trivial
712,212-01-hello_world.py,platform;time,Trivial
713,1742-04-publishv2.py,datetime;hashlib;mimetypes;pathlib;puremagic;urllib,Data:_Globus
714,1375-04-local_fit.py,numpy;os;pathlib;pickle;proxystore;sys;tensorflow;time,ML:_Keras_and_Images
715,782-04-expression.py,numpy;pandas,Unclustered
717,17-04-calculate_accuracy.py,numpy;pandas;random;sklearn,ML:_LSTM
718,63-04-index_publish.py,subprocess;sys,Sci:_Instruments
719,1396-04-local_fit.py,numpy;os;pathlib;pickle;proxystore;sys;tensorflow;time,ML:_Keras_and_Images
721,1336-04-generate_mapfile.py,subprocess;tempfile,Sci:_Instruments
722,518-04-hello_world.py,mlflow;os;pathlib,Data:_MLflow
724,2313-04-dlhub_run.py,home_run;json;os;time,Job
725,2154-01-test.py,os;subprocess;time;uuid,Trivial
726,1317-04-pong_dspaces.py,dspaces;numpy;os;psbench;time;uuid,Data:_DSpace
727,1676-04-gather_metadata.py,json;numpy;os;pathlib;re,Sci:_Instruments
728,2480-01-submit_job.py,logging;psij,Job
729,498-01-slow_double.py,time,Trivial
730,1101-04-print_hw.py,numpy,Trivial
732,1865-04-client_training_flamby.py,appfl;collections;importlib;os;torch,ML:_Fed_Learning
733,773-01-tomocupy_wrapper.py,subprocess,"ML:_AlphaFold,_tomocupy"
734,2143-04-qsub_launch.py,subprocess,Job
735,2659-04-glob_xpcs_datasets.py,pathlib,Sci:_Instruments
736,1835-04-client_validate_data_flamby.py,appfl;importlib,ML:_Fed_Learning
737,1709-01-wait.py,time,Trivial
738,1558-04-app_double.py,libpressio,Trivial
740,653-04-model_run.py,numpy;tensorflow;time,ML:_Keras_and_Images
741,1556-04-app_double.py,json;libpressio,Trivial
742,2071-04-publishv2.py,datacite;datetime;hashlib;jsonschema;mimetypes;pathlib;puremagic;traceback;urllib,Data:_Globus
743,1901-04-platform_func.py,platform,Trivial
744,421-04-expression.py,numpy;pandas,Unclustered
745,2403-04-task_kernel.py,src;sys,Trivial
746,733-04-cleanup_files.py,pathlib,Sci:_Instruments
747,1006-04-gather_xpcs_metadata.py,copy;datetime;h5py;json;numpy;os;pathlib;re;traceback,Sci:_Instruments
748,2513-04-infer_hypotest.py,numpy;pyhf;time,ML:_inference
749,2463-04-run_round.py,torch;torchvision,ML:_unknown
751,2059-04-pong_dspaces.py,dspaces;numpy;os;psbench;time;uuid,Data:_DSpace
752,1406-01-file_size.py,platform;time,Trivial
753,2389-04-test_func.py,src;sys,Trivial
754,2095-04-run_experiment.py,pathlib;random,Job
755,2324-01-test.py,os;subprocess;time;uuid,Trivial
756,2621-01-remoteGetUndirectedMovieGraph.py,sklearn,"ML:_GNN,_inference"
757,257-01-cleanup.py,shutil,Trivial
758,1473-04-predict.py,os;pandas;subprocess,"ML:_GNN,_inference"
759,1658-04-hello_world.py,subprocess,Job
760,2696-01-make_dir.py,os,"ML:_GNN,_inference"
761,1382-04-local_fit.py,numpy;os;pathlib;pickle;proxystore;sys;tensorflow;time,ML:_Keras_and_Images
762,1399-04-print_hw.py,numpy;time,Trivial
763,2078-04-download_cc.py,os;requests,Data:_Common_Crawl
764,1505-04-gather_metadata.py,json;numpy;os;pathlib;re,Sci:_Instruments
765,1039-04-write_list_to_csv.py,csv;numpy;os,"ML:_GNN,_inference"
766,1659-04-hello_world.py,subprocess,Job
768,1833-04-app_sum.py,numpy,Trivial
769,1749-04-publishv2.py,datetime;hashlib;mimetypes;pathlib;puremagic;urllib,Data:_Globus
770,509-04-wrapped.py,os,Job
771,2089-04-_launch_worker_pool.py,os;subprocess;tempfile,Job
772,2520-04-generate_numbers.py,random,Trivial
775,2393-04-test_func.py,src;sys,Trivial
777,446-04-dither_images.py,PIL;glob;os,Sci:_Images
778,2070-04-pong_dspaces.py,numpy;os;psbench;time;uuid,Data:_DSpace
779,1054-04-infer_p_values.py,os,"ML:_GNN,_inference"
781,539-04-model_run.py,numpy;pandas;tensorflow;time,ML:_Keras_and_Images
782,2186-04-wait2.py,time,Trivial
783,1392-04-local_fit.py,numpy;os;pathlib;pickle;proxystore;sys;tensorflow;time,ML:_Keras_and_Images
785,2369-04-func.py,setproctitle;time,Trivial
786,1759-04-generate_numbers.py,random,Trivial
787,776-04-calculate_accuracy.py,numpy;pandas;random;sklearn,ML:_LSTM
789,2402-04-task_kernel.py,src;sys,Trivial
791,2854-04-add_func.py,os,Trivial
793,970-04-_start_scheduled_pool.py,eqsql;os;re;subprocess;traceback,Job
795,1825-04-prepare_workspace.py,pickle;pyhf,Sci:_High_Energy_Physics
796,1363-04-local_fit.py,numpy;pathlib;pickle;proxystore;sys;tensorflow;time,ML:_Keras_and_Images
797,2654-04-func.py,setproctitle;time,Trivial
798,1635-04-sleeper.py,time,Trivial
799,2051-01-busier.py,subprocess,Trivial
800,1049-04-infer_p_values.py,os,"ML:_GNN,_inference"
801,1509-04-gather_metadata.py,json;numpy;os;pathlib;re,Sci:_Instruments
802,2128-01-start_flask.py,remote_db,Job
803,940-04-print_hw.py,numpy,Trivial
805,1852-04-client_training_flamby.py,appfl;collections;importlib;os;sys;torch,ML:_Fed_Learning
807,884-01-GCN_test.py,os;time,"ML:_GNN,_inference"
809,1372-04-local_fit.py,numpy;os;pathlib;pickle;proxystore;sys;tensorflow;time,ML:_Keras_and_Images
811,2392-04-test_func.py,src;sys,Trivial
812,2711-01-make_dir.py,os,"ML:_GNN,_inference"
813,1612-04-test.py,os,Trivial
814,1379-04-local_fit.py,numpy;os;pathlib;pickle;proxystore;sys;tensorflow;time,ML:_Keras_and_Images
817,398-04-predict.py,keras;numpy;pandas,"ML:_GNN,_inference"
818,1251-04-getAnimation.py,matplotlib;mplsoccer;numpy;pandas,Data:_Animation
819,2959-04-get_file_data.py,datetime;identify;os;settings,Sci:_Instruments
821,2404-04-task_kernel.py,src;sys,Trivial
822,1989-01-hello_world.py,platform,Trivial
823,427-04-scrape.py,osprey,"ML:_GNN,_inference"
824,667-03-sleep_computer.py,os,Trivial
825,2376-01-hello_world.py,sys,Trivial
826,1570-04-app_sum.py,numpy,Trivial
828,1696-04-create_colabfold.py,os;subprocess,"ML:_AlphaFold,_tomocupy"
829,1209-04-submit_data.py,globus_sdk;json;os,Sci:_Instruments
830,64-04-get_pid.py,subprocess;sys,Sci:_Instruments
831,1775-04-prepare_workspace.py,pickle;pyhf,Sci:_High_Energy_Physics
832,2387-04-test_func.py,src;sys,Trivial
833,1380-04-local_fit.py,numpy;os;pathlib;pickle;proxystore;sys;tensorflow;time,ML:_Keras_and_Images
834,644-04-run_wrapper.py,os;socket,Job
837,2391-04-test_func.py,sys,Trivial
838,1011-04-call_mtrack.py,mtrack;sys,Data:_mtrack
839,843-04-remote_indexing.py,subprocess,Sci:_Instruments
840,1534-01-_status_job.py,psij;time,Job
841,465-01-add_func.py,os,Trivial
842,2105-04-dlhub_run.py,home_run;json;os;sys;time,Job
843,1241-04-get_file_data.py,identify;os,Sci:_Instruments
844,1839-04-client_validate_data_flamby.py,appfl;importlib,ML:_Fed_Learning
845,2069-04-publishv2.py,datacite;datetime;hashlib;jsonschema;mimetypes;pathlib;puremagic;traceback;urllib,Data:_Globus
846,824-01-platform.py,os;platform,Trivial
847,694-01-browser.py,webbrowser,Trivial
849,691-01-toast.py,os,Trivial
851,2691-01-alphafold.py,os;subprocess;time;uuid,"ML:_GNN,_inference"
852,330-04-test_log_stream.py,time,Trivial
854,2226-04-local_fit.py,numpy;os;pathlib;pickle;proxystore;sys;tensorflow;time,ML:_Keras_and_Images
856,2092-04-ingest.py,cfde_ingest;json;logging;traceback;uuid,Data:_CFDE
857,1727-04-gather_metadata.py,json;pathlib,Sci:_Instruments
858,2851-04-add_func.py,os,Trivial
859,905-04-qsub_launch.py,shutil;subprocess,Job
860,2197-04-qsub_launch.py,subprocess,Job
862,520-04-model_run.py,numpy;pandas;tensorflow;time,ML:_Keras_and_Images
864,2211-04-gather_metadata.py,json;pathlib,Sci:_Instruments
865,1890-04-client_check_cuda.py,torch,Trivial
866,104-01-hello_world.py,platform;time,Trivial
867,693-01-toast.py,os,Trivial
868,1520-04-gather_metadata.py,json;numpy;os;pathlib;re,Sci:_Instruments
869,2639-04-infer_hypotest.py,pyhf;time,ML:_inference
871,1721-04-gather_metadata.py,json;pathlib,Sci:_Instruments
872,1743-04-publishv2.py,datetime;hashlib;mimetypes;pathlib;puremagic;urllib,Data:_Globus
873,1519-04-gather_metadata.py,json;numpy;os;pathlib;re,Sci:_Instruments
876,438-04-tar_files.py,tarfile,Sci:_Images
877,2730-01-compress.py,os;pandas;subprocess,"ML:_GNN,_inference"
879,24-04-simulate_neo.py,numpy,ML:_Keras_and_Images
882,2648-04-glob_xpcs_datasets.py,pathlib,Sci:_Instruments
883,838-04-remote_indexing.py,subprocess,Sci:_Instruments
885,1545-04-run.py,argparse;color_picker_loop;copy;evolutionary_solver;funcx;itertools;json;matplotlib;numpy;os;pathlib;plate_color_analysis;rpl_wei;shutil;sys;threading;typing,Sci:_Images
886,2148-04-ingest.py,cfde_ingest;json;logging;traceback;uuid,Data:_CFDE
887,1463-04-slow_func.py,time,Trivial
888,789-04-add_func.py,time,Trivial
889,1029-04-train_and_validate.py,dataset;numpy;os;pandas;sklearn;torch,ML:_LSTM
891,640-04-run_wrapper.py,json;os;socket;sys,Job
892,2290-04-c2_blank_adjust.py,csv;pandas,Sci:_Instruments
893,688-03-browser.py,webbrowser,Trivial
895,547-04-hello_world.py,time,Trivial
896,406-04-sayHi.py,platform,Trivial
897,2185-04-wait3.py,time,Trivial
899,2215-04-gather_metadata.py,pathlib,Sci:_Instruments
900,2336-04-cubicMetersPerLiter.py,platform;scipy,Trivial
901,2010-04-call_mtrack.py,mtrack;sys,Data:_mtrack
902,1542-04-gather_metadata.py,json;numpy;os;pathlib;re,Sci:_Instruments
903,1410-04-gather_metadata.py,json;pathlib,Sci:_Instruments
904,837-04-remote_indexing.py,subprocess,Sci:_Instruments
905,2368-04-remoteGetData.py,pandas,"ML:_GNN,_inference"
906,2979-01-platform.py,platform,Trivial
907,1725-04-gather_metadata.py,json;pathlib,Sci:_Instruments
908,1162-01-fpga_vecadd.py,numpy,Trivial
909,1364-04-print_hw.py,numpy;time,Trivial
910,2247-04-gather_metadata.py,json;pathlib,Sci:_Instruments
912,914-04-_start_scheduled_pool.py,os;re;subprocess;traceback,Job
913,1642-04-gather_xpcs_metadata.py,copy;datetime;h5py;json;numpy;os;pathlib;re;traceback,Sci:_Instruments
914,1321-04-pong_dspaces.py,dspaces;numpy;os;psbench;time;uuid,Data:_DSpace
915,2104-04-ptychodus_reconstruct.py,pathlib;ptychodus,Sci:_Instruments
916,718-04-process_images.py,PIL;glob;os,Sci:_Images
918,1523-04-gather_metadata.py,json;numpy;os;pathlib;re,Sci:_Instruments
919,2593-01-remoteGetRecommendation.py,math;numpy,"ML:_GNN,_inference"
920,1080-04-store_list_directory_contents_as_json.py,json,Sci:_Instruments
921,1093-04-submit_job.py,re;subprocess,Job
922,1138-04-lenet_inference.py,torch,"ML:_lenet,_alexnet"
923,2277-04-c2_check_contam.py,json;pandas,Sci:_Instruments
925,1124-01-submit_job.py,logging;psij,Job
927,935-04-_cancel_pool.py,psij;time,Job
928,1836-04-client_validate_data_flamby.py,appfl;importlib,ML:_Fed_Learning
929,2287-04-c2_blank_adjust.py,csv;pandas,Sci:_Instruments
930,1555-04-app_double.py,json;libpressio,Trivial
931,1208-04-submit_data.py,globus_sdk;json;os,Sci:_Instruments
932,1156-04-lenet_inference.py,os;torch;torchvision,"ML:_lenet,_alexnet"
933,2283-04-excel_to_csv.py,csv;os;pandas;pathlib,Unclustered
935,2897-04-lenet_inference.py,torch,"ML:_lenet,_alexnet"
937,2187-04-wait1.py,time,Trivial
938,1347-04-local_fit.py,numpy;pathlib;pickle;proxystore;sys;tensorflow;time,ML:_Keras_and_Images
939,1395-04-local_fit.py,numpy;os;pathlib;pickle;proxystore;sys;tensorflow;time,ML:_Keras_and_Images
941,1412-04-gather_metadata.py,json;pathlib,Sci:_Instruments
944,1774-04-prepare_workspace.py,pickle;pyhf,Sci:_High_Energy_Physics
945,1381-04-local_fit.py,numpy;os;pathlib;pickle;proxystore;sys;tensorflow;time,ML:_Keras_and_Images
947,933-04-_cancel_pool.py,psij;time,Job
948,662-03-sound.py,os,Trivial
951,1244-04-get_file_data.py,datetime;identify;os;pathlib,Sci:_Instruments
952,2134-04-qsub_launch.py,subprocess,Job
953,979-04-infer_maxsep.py,CLEAN;os;pandas,"ML:_GNN,_inference"
954,1322-04-print_hw.py,numpy,Trivial
955,2864-04-run_round.py,tensorflow,ML:_unknown
956,2242-04-gather_metadata.py,pathlib;random,Sci:_Instruments
957,2390-04-test_func.py,sys,Trivial
959,2432-04-start_flask.py,remote_db;sys,Job
961,2852-04-add_func.py,os,Trivial
962,1467-04-mpi_operation.py,os;subprocess,Job
963,2250-04-gather_metadata.py,json;os;pathlib,Sci:_Instruments
964,1366-04-local_fit.py,numpy;pathlib;pickle;proxystore;sys;tensorflow;time,ML:_Keras_and_Images
965,2995-01-alphafold.py,os;subprocess;time;uuid,"ML:_GNN,_inference"
966,2161-01-test.py,os;subprocess;time;uuid,Trivial
967,2221-04-local_fit.py,numpy;os;pathlib;pickle;proxystore;sys;tensorflow;time,ML:_Keras_and_Images
969,1053-04-infer_p_values.py,os,"ML:_GNN,_inference"
971,1862-04-client_training_flamby.py,appfl;collections;importlib;os;torch,ML:_Fed_Learning
972,668-03-sleep_computer.py,subprocess,Trivial
973,1706-04-gather_metadata.py,json;pathlib,Sci:_Instruments
974,748-04-predict.py,numpy;pandas;sklearn,"ML:_GNN,_inference"
975,1279-01-pi.py,random,Trivial
976,2655-04-glob_xpcs_datasets.py,pathlib,Sci:_Instruments
979,2980-04-pong_proxy.py,proxystore;psbench;time,Data:_DSpace
980,649-04-run_wrapper.py,os,Job
981,2522-04-generate_numbers.py,random,Trivial
982,2322-01-test.py,os;subprocess;time;uuid,Trivial
983,2042-04-train_and_validate.py,collections;dataset;numpy;os;pandas;sklearn;sys;torch,ML:_LSTM
984,2525-01-write_file.py,launch_parallel;numpy;sys;time;uuid,"ML:_GNN,_inference"
985,550-04-remote_indexing.py,subprocess,Sci:_Instruments
987,2024-04-train_and_validate.py,collections;dataset;numpy;os;pandas;sklearn;sys;torch,ML:_LSTM
988,368-04-create_folder.py,os,"ML:_GNN,_inference"
989,1497-01-status_job.py,psij;time,Job
990,931-04-foo.py,inspect,Trivial
992,491-04-hello_world.py,mlflow;os,Data:_MLflow
993,1048-04-infer_p_values.py,os,"ML:_GNN,_inference"
994,2658-04-glob_xpcs_datasets.py,pathlib,Sci:_Instruments
995,2239-04-gather_metadata.py,pathlib;random,Sci:_Instruments
997,1561-04-run.py,argparse;copy;evolutionary_solver;funcx;itertools;json;matplotlib;numpy;os;pathlib;plate_color_analysis;rpl_wei;shutil;sys;threading;typing,Sci:_Images
998,2237-04-gather_metadata.py,pathlib;random,Sci:_Instruments
999,1584-01-fpga_add.py,pynq,Trivial
1000,2947-04-getAnimation.py,matplotlib;mplsoccer;numpy;pandas,Data:_Animation
1002,2657-04-glob_xpcs_datasets.py,pathlib,Sci:_Instruments
1003,476-04-funcx_platformName.py,platform,Trivial
1007,1376-04-local_fit.py,numpy;os;pathlib;pickle;proxystore;sys;tensorflow;time,ML:_Keras_and_Images
1009,2041-04-train_and_validate.py,collections;dataset;numpy;os;pandas;sklearn;sys;torch,ML:_LSTM
1010,2398-04-task_kernel.py,src;sys,Trivial
1011,1921-04-average.py,proxystore,Trivial
1012,1660-04-hello_world.py,subprocess,Job
1013,1313-04-local_fit.py,numpy;pathlib;pickle;proxystore;sys;tensorflow;time,ML:_Keras_and_Images
1014,2159-01-test.py,os;subprocess;time;uuid,Trivial
1015,2644-01-status_job.py,psij;time,Job
1016,255-01-cleanup.py,shutil,Trivial
1017,2262-04-local_fit.py,numpy;os;pathlib;pickle;proxystore;sys;tensorflow;time,ML:_Keras_and_Images
1019,2940-04-gnn.py,os,"ML:_GNN,_inference"
1021,2670-04-add_func.py,os,Trivial
1022,638-04-run_wrapper.py,json;os;socket;sys,Job
1023,2664-01-hello_world.py,time,Trivial
1025,1385-04-local_fit.py,numpy;os;pathlib;pickle;proxystore;sys;tensorflow;time,ML:_Keras_and_Images
1026,1211-04-extract_data.py,os;pathlib;search,Sci:_Instruments
1028,1686-04-gather_metadata.py,json;pathlib,Sci:_Instruments
1030,1646-01-hello_world.py,time,Trivial
1032,1367-04-local_fit.py,numpy;pathlib;pickle;proxystore;sys;tensorflow;time,ML:_Keras_and_Images
1033,2067-04-pong_dspaces.py,numpy;os;psbench;time;uuid,Data:_DSpace
1034,1097-04-status_job.py,psij;time,Job
1035,1062-04-prepare_workspace.py,pyhf,Sci:_High_Energy_Physics
1036,1086-04-cancel_job.py,psij;time,Job
1037,1340-04-run_autocurator.py,subprocess,Sci:_Instruments
1038,1469-04-mpi_operation.py,os;subprocess,Job
1039,1549-04-app_double.py,json;libpressio;numpy;proxystore,Trivial
1040,2887-01-fpga_vecadd.py,os,Trivial
1042,1535-01-_status_job.py,psij;time,Job
1043,675-03-sound.py,os;time,Trivial
1046,1393-04-local_fit.py,numpy;os;pathlib;pickle;proxystore;sys;tensorflow;time,ML:_Keras_and_Images
1047,1548-04-app_sum.py,libpressio;numpy;proxystore,Trivial
1048,1365-04-print_hw.py,numpy;time,Trivial
1049,621-04-run_workflow_task.py,json;rpl_wei;time;ulid;yaml,Job
1050,689-03-hello_world.py,platform,Trivial
1051,2170-04-start_flask.py,remote_db;sys,Job
1052,2271-04-excel_to_csv.py,csv;os;pandas;pathlib,Unclustered
1053,2399-04-task_kernel.py,src;sys,Trivial
1054,2375-04-prepare_workspace.py,pyhf,Sci:_High_Energy_Physics
1055,2401-04-task_kernel.py,src;sys,Trivial
1056,345-01-slow_double.py,time,Trivial
1058,684-03-toast.py,os,Trivial
1059,2967-04-get_file_data.py,flow_settings;os,Sci:_Instruments
1060,842-04-remote_indexing.py,subprocess,Sci:_Instruments
1061,912-04-_start_scheduled_pool.py,os;re;subprocess;traceback;worker_pool,Job
1062,1266-01-get_hostname.py,socket,Trivial
1063,2050-04-download_cc.py,os;requests,Data:_Common_Crawl
1064,947-04-print_hw.py,numpy,Trivial
1065,1207-04-extract_data.py,os;pathlib;search,Sci:_Instruments
1068,1857-04-client_training_flamby.py,appfl;collections;importlib;os;sys;torch,ML:_Fed_Learning
1069,2064-04-pong_dspaces.py,numpy;os;psbench;time;uuid,Data:_DSpace
1071,1472-04-execute.py,os;pandas;subprocess,"ML:_GNN,_inference"
1072,2649-04-glob_xpcs_datasets.py,pathlib,Sci:_Instruments
1073,2212-04-gather_metadata.py,json;pathlib,Sci:_Instruments
1074,1390-04-local_fit.py,numpy;os;pathlib;pickle;proxystore;sys;tensorflow;time,ML:_Keras_and_Images
1076,623-04-run_workflow_task.py,json;rpl_wei;time;ulid;yaml,Job
1078,2285-04-c2_gen_graphs.py,matplotlib;os;pandas,Sci:_Instruments
1079,1827-04-prepare_workspace.py,pyhf,Sci:_High_Energy_Physics
1081,519-04-model_run.py,numpy;pandas;tensorflow;time,ML:_Keras_and_Images
1082,1388-04-local_fit.py,numpy;os;pathlib;pickle;proxystore;sys;tensorflow;time,ML:_Keras_and_Images
1083,2604-01-remoteGetUndirectedMovieGraph.py,networkx;sklearn,"ML:_GNN,_inference"
1084,2955-04-get_file_data.py,datetime;globus_sdk;identify;os;shutil;urllib3,Sci:_Instruments
1085,1041-04-infer_p_values.py,os,"ML:_GNN,_inference"
1086,1359-04-_launch_worker_pool.py,os;subprocess;tempfile,Job
1087,1726-04-gather_metadata.py,json;pathlib,Sci:_Instruments
1088,2898-04-alexnet_inference.py,PIL;cv2;logging;numpy;os;re;time;torch;torchvision,"ML:_lenet,_alexnet"
1089,2546-01-remoteGetData.py,pandas,"ML:_GNN,_inference"
1090,2254-04-gather_metadata.py,json;pathlib,Sci:_Instruments
1091,312-04-index_unpublish.py,subprocess;sys,Sci:_Instruments
1092,622-04-run_workflow_task.py,json;rpl_wei;time;ulid;yaml,Job
1093,1705-04-gather_metadata.py,json;pathlib,Sci:_Instruments
1094,848-04-remote_indexing.py,subprocess,Sci:_Instruments
1096,1250-04-getData.py,numpy;pandas,Data:_Animation
1097,1916-04-my_test_fcn.py,time,Trivial
1098,1269-04-main.py,h5py;json;matplotlib;numpy;os;pdb;quickstats;re;training,"ML:_GNN,_force"
1099,1751-04-publishv2.py,datetime;hashlib;mimetypes;pathlib;puremagic;urllib,Data:_Globus
1100,717-04-process_images.py,PIL;glob;os,Sci:_Images
1101,682-03-sound.py,os,Trivial
1102,1853-04-client_training_flamby.py,appfl;collections;importlib;os;sys;torch,ML:_Fed_Learning
1103,2734-01-compress.py,os;pandas;subprocess,"ML:_GNN,_inference"
1105,2000-04-train_and_validate.py,numpy;os;pandas;sklearn;sys;torch,ML:_LSTM
1106,2867-04-run_round.py,tensorflow,ML:_unknown
1107,2529-04-generate_numbers.py,random,Trivial
1108,1765-04-prepare_workspace.py,pyhf,Sci:_High_Energy_Physics
1109,294-01-time_import_installed.py,sim_pack;time,Trivial
1112,1056-04-infer_p_values.py,os,"ML:_GNN,_inference"
1113,1670-04-run.py,argparse;color_picker_loop;copy;datetime;evolutionary_solver;funcx;itertools;json;matplotlib;numpy;os;pathlib;plate_color_analysis;rpl_wei;shutil;sys;threading;typing,Sci:_Images
1115,1090-04-submit_job.py,re;subprocess,Job
1116,1512-04-gather_metadata.py,json;numpy;os;pathlib;re,Sci:_Instruments
1118,1344-04-generate_mapfile.py,os;sys;tempfile,Sci:_Instruments
1119,1538-04-create_alphafold.py,os;subprocess,"ML:_AlphaFold,_tomocupy"
1120,2022-04-train_and_validate.py,collections;dataset;numpy;os;pandas;sklearn;sys;torch,ML:_LSTM
1121,471-04-run_wrapper.py,json;os;socket;sys,Job
1122,2493-04-infer_hypotest.py,pyhf;time,ML:_inference
1123,2786-04-hello_world.py,hashlib,Data:_local_manip
1125,2192-04-ingest.py,cfde_ingest;logging;traceback;uuid,Data:_CFDE
1127,2377-01-hello_world.py,numpy,Trivial
1128,1540-04-create_alphafold.py,os;subprocess,"ML:_AlphaFold,_tomocupy"
1129,1661-04-hello_world.py,subprocess,Job
1131,1362-04-_launch_worker_pool.py,os;subprocess;tempfile;traceback,Job
1132,630-04-gather_metadata.py,csv;json;os;pathlib;re,Sci:_Instruments
1133,152-01-division_by_zero.py,time,Trivial
1134,464-01-add_func.py,os,Trivial
1136,1409-01-hello_world.py,platform,Trivial
1137,1747-04-publishv2.py,datetime;hashlib;mimetypes;pathlib;puremagic;urllib,Data:_Globus
1138,1781-04-platform_func.py,platform,Trivial
1140,936-04-_pool_status.py,psij;time,Job
1141,373-04-run_detection.py,argparse;src;sys,Sci:_Images
1143,1351-04-generate_mapfile.py,tempfile,Sci:_Instruments
1144,664-04-sound.py,os,Trivial
1145,2876-01-test_keras.py,tensorflow,Trivial
1146,1084-04-store_list_directory_contents_as_json.py,json,Sci:_Instruments
1147,2662-01-hello_world.py,time,Trivial
1148,2035-03-alphafold.py,os;subprocess;uuid,"ML:_GNN,_inference"
1149,2992-01-alphafold.py,os;subprocess;time;uuid,"ML:_GNN,_inference"
1151,2049-04-download_cc.py,os;requests,Data:_Common_Crawl
1153,2047-04-train_and_validate.py,collections;dataset;numpy;os;pandas;sklearn;sys;torch,ML:_LSTM
1154,1518-04-gather_metadata.py,json;numpy;os;pathlib;re,Sci:_Instruments
1156,1210-04-extract_data.py,os;pathlib;search,Sci:_Instruments
1157,1553-04-app_sum.py,libpressio;numpy,Trivial
1158,447-04-dither_images.py,PIL;glob;os,Sci:_Images
1160,1544-04-run.py,argparse;color_picker_loop;copy;evolutionary_solver;funcx;itertools;json;matplotlib;numpy;os;pathlib;plate_color_analysis;rpl_wei;shutil;sys;threading;typing,Sci:_Images
1161,281-04-add_func.py,sim_pack,Trivial
1163,741-04-add_func.py,sim_pack,Trivial
1165,2096-04-model_train.py,os;subprocess,"ML:_AlphaFold,_tomocupy"
1166,2406-04-client_validate_data.py,src;sys,ML:_Fed_Learning
1168,2223-04-local_fit.py,numpy;os;pathlib;pickle;proxystore;sys;tensorflow;time,ML:_Keras_and_Images
1169,2629-01-remoteGetData.py,pandas,"ML:_GNN,_inference"
1170,2153-01-test.py,os;subprocess;time;uuid,Trivial
1172,1629-04-cubicMeterPerLiter.py,scipy,Trivial
1173,1391-04-local_fit.py,numpy;os;pathlib;pickle;proxystore;sys;tensorflow;time,ML:_Keras_and_Images
1174,2492-04-example_funcx_kernel.py,setproctitle;time,Trivial
1175,1494-01-status_job.py,psij;time,Job
1176,911-04-_start_scheduled_pool.py,eqsql;os;re;subprocess;traceback,Job
1177,2196-04-ingest.py,cfde_ingest;logging;traceback;uuid,Data:_CFDE
1178,1999-04-train_and_validate.py,dataset;numpy;os;pandas;sklearn;sys;torch,ML:_LSTM
1180,2020-04-train_and_validate.py,collections;dataset;numpy;os;pandas;sklearn;sys;torch,ML:_LSTM
1182,880-04-untar.py,os;pathlib;tarfile,Sci:_Instruments
1183,2066-04-publishv2.py,datacite;datetime;hashlib;jsonschema;mimetypes;pathlib;puremagic;traceback;urllib,Data:_Globus
1184,1132-04-lenet_inference.py,os;torch;torchvision,"ML:_lenet,_alexnet"
1185,2637-04-remoteGetRecommendation.py,math;numpy,"ML:_GNN,_inference"
1186,2450-01-trun_mdl_train.py,os;subprocess,"ML:_GNN,_inference"
1188,2091-04-main.py,h5py;json;matplotlib;numpy;os;pdb;quickstats;re;training,"ML:_GNN,_force"
1189,646-04-run_wrapper.py,os;socket,Job
1191,3006-04-_launch_worker_pool.py,os;subprocess;tempfile;traceback,Job
1192,2634-01-remoteGetRecommendation.py,math;numpy;pandas,"ML:_GNN,_inference"
1193,841-04-remote_indexing.py,subprocess,Sci:_Instruments
1194,625-04-run_workflow_task.py,json;rpl_wei;time;ulid;yaml,Job
1196,2381-04-add_func.py,time;torch,Trivial
1197,2040-04-train_and_validate.py,collections;dataset;numpy;os;pandas;sklearn;sys;torch,ML:_LSTM
1198,1606-04-lenet_inference.py,os;torch;torchvision,"ML:_lenet,_alexnet"
1200,1826-04-prepare_workspace.py,pickle;pyhf,Sci:_High_Energy_Physics
1201,2467-04-test.py,os,Trivial
1202,2026-04-train_and_validate.py,collections;dataset;numpy;os;pandas;sklearn;sys;torch,ML:_LSTM
1203,1127-01-platinfo.py,os;platform,Trivial
1204,460-04-generate_thumbnails.py,PIL;glob;os,Sci:_Images
1205,448-04-dither_images.py,PIL;glob;os,Sci:_Images
1206,22-04-recommend_movies.py,surprise,"ML:_GNN,_inference"
1207,2972-04-get_file_data.py,datetime;identify;os,Sci:_Instruments
1209,1170-01-fpga_lenet.py,numpy;pynq;socket,Trivial
1211,2975-04-get_file_data.py,datetime;identify;os;sys,Sci:_Instruments
1213,1782-04-platform_func.py,platform,Trivial
1214,1838-04-client_validate_data_flamby.py,appfl;importlib,ML:_Fed_Learning
1217,2339-04-funcx_platformName.py,platform,Trivial
1218,2176-01-trun_mdl_train.py,os;subprocess,"ML:_GNN,_inference"
1219,1099-04-status_job.py,psij;time,Job
1220,1284-04-pyvs.py,funcx;sys,Trivial
1221,885-01-GCN_test.py,os;time,"ML:_GNN,_inference"
1222,2090-04-main.py,h5py;json;matplotlib;numpy;os;pdb;quickstats;re;training,"ML:_GNN,_force"
1225,2001-04-train_and_validate.py,numpy;os;pandas;sklearn;sys;torch,ML:_LSTM
1226,2255-04-gather_metadata.py,json;pathlib,Sci:_Instruments
1227,1559-04-run.py,argparse;color_picker_loop;copy;evolutionary_solver;funcx;itertools;json;matplotlib;numpy;os;pathlib;plate_color_analysis;rpl_wei;shutil;sys;threading;typing,Sci:_Images
1228,1607-04-lenet_inference.py,os;torch;torchvision,"ML:_lenet,_alexnet"
1230,1421-04-gather_metadata.py,csv;json;os;pathlib;re,Sci:_Instruments
1232,925-04-gather_metadata.py,json;pathlib,Sci:_Instruments
1234,2550-01-remoteGetData.py,pandas,"ML:_GNN,_inference"
1235,1507-04-gather_metadata.py,json;numpy;os;pathlib;re,Sci:_Instruments
1236,2465-04-run_round.py,torch;torchvision,ML:_unknown
1237,2971-04-get_file_data.py,flow_settings;os,Sci:_Instruments
1239,494-01-tomocupy_wrapper.py,subprocess,"ML:_AlphaFold,_tomocupy"
1240,425-04-scrape.py,osprey,"ML:_GNN,_inference"
1241,833-04-remote_indexing.py,subprocess,Sci:_Instruments
1242,2884-01-fpga_vecadd.py,numpy;pynq,Trivial
1243,1167-04-alexnet_inference.py,PIL;cv2;logging;numpy;os;re;time;torch;torchvision,"ML:_lenet,_alexnet"
1244,2890-04-lenet_inference.py,os;torch;torchvision,"ML:_lenet,_alexnet"
1245,2291-04-c2_blank_adjust.py,csv;pandas,Sci:_Instruments
1246,2506-04-test_parsl.py,os;parsl;random,Trivial
1251,2906-04-getPlot.py,pandas,"ML:_GNN,_inference"
1252,2653-04-glob_xpcs_datasets.py,os,Sci:_Instruments
1253,1687-04-create_alphafold.py,os;subprocess,"ML:_AlphaFold,_tomocupy"
1254,834-04-remote_indexing.py,subprocess,Sci:_Instruments
1255,2244-04-gather_metadata.py,pathlib;random,Sci:_Instruments
1258,1387-04-local_fit.py,numpy;os;pathlib;pickle;proxystore;sys;tensorflow;time,ML:_Keras_and_Images
1259,1856-04-client_training_flamby.py,appfl;collections;importlib;os;sys;torch,ML:_Fed_Learning
1260,1552-04-app_sum.py,libpressio;numpy,Trivial
1261,1046-04-infer_maxsep.py,CLEAN;os,"ML:_GNN,_inference"
1262,508-04-hello_world.py,mlflow;os;pathlib,Data:_MLflow
1263,723-04-process_images.py,PIL;glob;os,Sci:_Images
1264,2234-04-gather_metadata.py,pathlib;random,Sci:_Instruments
1266,785-04-sayHi.py,platform,Trivial
1268,536-01-hello_world.py,mlflow;os;pathlib,Data:_MLflow
1269,1536-01-_status_job.py,psij;time,Job
1270,1729-04-gather_metadata.py,json;pathlib,Sci:_Instruments
1271,527-01-test_function.py,time,Trivial
1272,2481-01-submit_job.py,logging;psij,Job
1273,2528-04-client_training.py,appfl;os,ML:_Fed_Learning
1274,1146-04-sayHi.py,platform,Trivial
1275,1342-04-local_fit.py,numpy;pathlib;pickle;proxystore;sys;tensorflow;time,ML:_Keras_and_Images
1277,1998-04-train_and_validate.py,dataset;numpy;os;pandas;sklearn;sys;torch,ML:_LSTM
1278,2235-04-gather_metadata.py,pathlib;random,Sci:_Instruments
1279,1529-04-gather_metadata.py,pathlib,Sci:_Instruments
1280,2264-04-local_fit.py,numpy;os;pathlib;pickle;proxystore;sys;tensorflow;time,ML:_Keras_and_Images
1281,1790-04-prepare_workspace.py,dill;pyhf,Sci:_High_Energy_Physics
1282,783-04-expression.py,numpy;pandas,Unclustered
1283,1368-04-local_fit.py,numpy;pathlib;pickle;proxystore;sys;tensorflow;time,ML:_Keras_and_Images
1284,1240-04-get_file_data.py,os;settings,Sci:_Instruments
1285,845-04-remote_indexing.py,subprocess,Sci:_Instruments
1288,2948-04-getAnimation.py,matplotlib;mplsoccer;numpy;pandas,Data:_Animation
1289,1492-04-pong.py,psbench;time,Data:_DSpace
1291,348-01-slow_double.py,time,Trivial
1292,747-04-gather_xpcs_metadata.py,copy;datetime;h5py;json;numpy;os;pathlib;re;traceback,Sci:_Instruments
1293,2046-04-train_and_validate.py,collections;dataset;numpy;os;pandas;sklearn;sys;torch,ML:_LSTM
1295,620-04-run_workflow_task.py,json;rpl_wei;time;ulid;yaml,Job
1296,1778-04-prepare_workspace.py,pickle;pyhf,Sci:_High_Energy_Physics
1297,949-04-print_hw.py,numpy,Trivial
1298,2430-04-start_flask.py,subprocess,Job
1300,1384-04-local_fit.py,numpy;os;pathlib;pickle;proxystore;sys;tensorflow;time,ML:_Keras_and_Images
1301,2879-04-run_round.py,tensorflow,ML:_unknown
1302,1177-04-get_file_data.py,globus_sdk,Sci:_Instruments
1303,1479-04-create_alphafold.py,os;subprocess,"ML:_AlphaFold,_tomocupy"
1304,2877-04-run_round.py,tensorflow,ML:_unknown
1305,1639-04-hello_world.py,os,Job
1306,1157-01-fpga_vecadd.py,numpy;pynq,Trivial
1308,2929-04-extract_data.py,pathlib;search,Sci:_Instruments
1309,1411-04-gather_metadata.py,json;pathlib,Sci:_Instruments
1311,2065-04-publishv2.py,datacite;datetime;hashlib;jsonschema;mimetypes;pathlib;puremagic;traceback;urllib,Data:_Globus
1312,1794-04-prepare_workspace.py,pyhf,Sci:_High_Energy_Physics
1313,2019-04-train_and_validate.py,collections;dataset;numpy;os;pandas;sklearn;sys;torch,ML:_LSTM
1314,551-04-remote_indexing.py,subprocess,Sci:_Instruments
1315,340-04-echo.py,os,Trivial
1316,2236-04-cleanup_files.py,pathlib,Sci:_Instruments
1317,680-03-sound.py,os,Trivial
1318,1229-04-assemble_data.py,fnmatch;globus_sdk;json;os;pathlib;ruamel,Sci:_Instruments
1319,1203-04-gnn.py,os,"ML:_GNN,_inference"
1320,879-04-untar.py,pathlib;tarfile,Sci:_Instruments
1321,1547-04-run.py,argparse;color_picker_loop;copy;evolutionary_solver;funcx;itertools;json;matplotlib;numpy;os;pathlib;plate_color_analysis;rpl_wei;shutil;sys;threading;typing,Sci:_Images
1322,815-01-something.py,kafka;proxystore,Trivial
1324,481-04-funcx_platformName.py,platform,Trivial
1325,2286-04-c2_blank_adjust.py,csv;pandas,Sci:_Instruments
1326,429-01-tomocupy_wrapper.py,subprocess,"ML:_AlphaFold,_tomocupy"
1328,2848-04-bruteforce_password.py,hashlib,Data:_local_manip
1329,2970-04-get_file_data.py,os;settings,Sci:_Instruments
1330,1714-04-gather_metadata.py,json;pathlib,Sci:_Instruments
1331,1010-04-call_mtrack.py,mtrack;sys,Data:_mtrack
1332,417-04-hello_world.py,socket;time,Trivial
1333,1610-04-test.py,os,Trivial
1337,333-04-batch_job_done.py,subprocess,Trivial
1338,875-04-project_function.py,numpy;pandas;statsmodels,"ML:_GNN,_inference"
1341,544-01-tomocupy_wrapper.py,subprocess,"ML:_AlphaFold,_tomocupy"
1342,2874-04-run_round.py,tensorflow,ML:_unknown
1343,1717-04-gather_metadata.py,json;pathlib,Sci:_Instruments
1346,1537-01-_status_job.py,psij;time,Job
1347,2569-01-x2.py,proxystore,Trivial
1348,2681-04-hello_world.py,hashlib,Data:_local_manip
1349,1264-04-_launch_worker_pool.py,os;subprocess;tempfile;traceback,Job
1350,686-03-toast.py,os,Trivial
1351,2028-04-train_and_validate.py,collections;dataset;numpy;os;pandas;sklearn;sys;torch,ML:_LSTM
1352,950-04-print_hw.py,numpy,Trivial
1353,1468-04-mpi_operation.py,os;subprocess,Job
1354,1265-04-_launch_worker_pool.py,os;subprocess;tempfile,Job
1356,1060-04-infer_p_values.py,CLEAN,"ML:_GNN,_inference"
1357,2961-04-get_file_data.py,datetime;identify;os;settings,Sci:_Instruments
1358,2261-04-local_fit.py,numpy;os;pathlib;pickle;proxystore;sys;tensorflow;time,ML:_Keras_and_Images
1359,2253-04-gather_metadata.py,json;pathlib,Sci:_Instruments
1360,1091-04-submit_job.py,re;subprocess,Job
1361,559-04-hello_world.py,mlflow;os;pathlib,Data:_MLflow
1363,2315-04-create_alphafold.py,os;subprocess,"ML:_AlphaFold,_tomocupy"
1366,740-03-hello_world.py,platform,Trivial
1367,1513-04-gather_metadata.py,json;numpy;os;pathlib;re,Sci:_Instruments
1369,2163-01-test.py,os;subprocess;time;uuid,Trivial
1371,1603-04-lenet_inference.py,os;torch;torchvision,"ML:_lenet,_alexnet"
1373,2646-01-status_job.py,psij;time,Job
1374,3009-04-_launch_worker_pool.py,os;subprocess;tempfile;traceback,Job
1375,883-01-GCN_test.py,os;shlex;subprocess;time,"ML:_GNN,_inference"
1376,777-04-calculate_accuracy.py,numpy;pandas;random;sklearn,ML:_LSTM
1377,2378-04-add_func.py,time;torch,Trivial
1378,2986-04-main.py,h5py;json;matplotlib;numpy;os;pdb;quickstats;re;training,"ML:_GNN,_force"
1379,2077-04-download_cc.py,os;requests,Data:_Common_Crawl
1381,2998-01-alphafold.py,os;subprocess;time;uuid,"ML:_GNN,_inference"
1382,2052-01-busier.py,multiprocessing;os;time,Trivial
1383,1133-04-lenet_inference.py,os;torch;torchvision,"ML:_lenet,_alexnet"
1384,1820-01-mpi_operation.py,os;subprocess,Job
1385,454-04-dither_images.py,PIL;glob;os,Sci:_Images
1386,671-03-sound.py,os,Trivial
1387,2155-01-test.py,os;subprocess;time;uuid,Trivial
1388,1677-04-gather_metadata.py,json;numpy;os;pathlib;re,Sci:_Instruments
1389,751-04-predict.py,numpy;pandas;sklearn,"ML:_GNN,_inference"
1390,2939-04-extract_data.py,os;pathlib;search,Sci:_Instruments
1391,426-04-hello_world.py,mlflow;os,Data:_MLflow
1393,1855-04-client_training_flamby.py,appfl;collections;importlib;os;sys;torch,ML:_Fed_Learning
1394,1245-04-get_file_data.py,datetime;identify;os;pathlib,Sci:_Instruments
1395,1791-04-prepare_workspace.py,dill;pyhf,Sci:_High_Energy_Physics
1396,2076-04-download_cc.py,os;requests,Data:_Common_Crawl
1397,1517-04-gather_metadata.py,json;numpy;os;pathlib;re,Sci:_Instruments
1398,2882-04-lenet_inference.py,os;torch;torchvision,"ML:_lenet,_alexnet"
1399,1514-04-gather_metadata.py,json;numpy;os;pathlib;re,Sci:_Instruments
1401,2199-04-__init_db.py,remote_db;sys,Job
1403,1601-04-lenet_inference.py,os;torch;torchvision,"ML:_lenet,_alexnet"
1406,1268-04-main.py,h5py;json;matplotlib;numpy;os;pdb;quickstats;re;training,"ML:_GNN,_force"
1407,1425-04-gather_metadata.py,csv;json;os;pathlib;re,Sci:_Instruments
1408,2881-04-test.py,numpy;pynq,Trivial
1409,2133-04-qsub_launch.py,subprocess,Job
1410,2958-04-get_file_data.py,datetime;identify;os,Sci:_Instruments
1411,2892-04-expression.py,numpy;pandas,Unclustered
1412,431-01-tomocupy_wrapper.py,subprocess,"ML:_AlphaFold,_tomocupy"
1413,2439-04-_launch_worker_pool.py,os;subprocess;tempfile,Job
1414,669-03-sound.py,os,Trivial
1418,1082-04-store_list_directory_contents_as_json.py,json,Sci:_Instruments
1420,96-01-sum.py,os,Trivial
1422,457-04-process_images.py,PIL;glob;os,Sci:_Images
1423,405-04-cubicMetersPerLiter.py,platform;scipy,Trivial
1424,1510-04-gather_metadata.py,json;numpy;os;pathlib;re,Sci:_Instruments
1427,521-01-test_function.py,time,Trivial
1428,2029-04-train_and_validate.py,collections;dataset;numpy;os;pandas;sklearn;sys;torch,ML:_LSTM
1429,2638-04-remoteGetRecommendation.py,funcx;math;networkx;numpy;pandas,"ML:_GNN,_inference"
1431,2885-01-fpga_vecadd.py,socket,Trivial
1432,2873-04-run_round.py,tensorflow,ML:_unknown
1433,849-04-remote_indexing.py,subprocess,Sci:_Instruments
1434,2617-01-remoteGetUndirectedMovieGraph.py,networkx;sklearn,"ML:_GNN,_inference"
1435,548-04-hello_world.py,mlflow;pathlib,Data:_MLflow
1436,553-03-hello_world_sleepy.py,time,Trivial
1438,2462-04-test.py,os,Trivial
1441,1386-04-local_fit.py,numpy;os;pathlib;pickle;proxystore;sys;tensorflow;time,ML:_Keras_and_Images
1442,953-04-print_hw.py,numpy,Trivial
1443,1779-04-prepare_workspace.py,pickle;pyhf,Sci:_High_Energy_Physics
1444,954-04-print_hw.py,numpy,Trivial
1445,839-04-remote_indexing.py,subprocess,Sci:_Instruments
1448,2371-04-prepare_workspace.py,pyhf,Sci:_High_Energy_Physics
1449,1349-04-generate_mapfile.py,tempfile,Sci:_Instruments
1450,418-04-hello_world.py,socket,Trivial
1451,2957-04-getAnimation.py,matplotlib;mplsoccer;numpy;pandas,Data:_Animation
1452,1320-04-pong_dspaces.py,dspaces;numpy;os;psbench;time;uuid,Data:_DSpace
1453,2504-01-hello_world.py,time,Trivial
1454,1728-04-gather_metadata.py,json;pathlib,Sci:_Instruments
1455,775-04-calculate_accuracy.py,numpy;pandas;random;sklearn,ML:_LSTM
1456,1057-04-infer_p_values.py,os,"ML:_GNN,_inference"
1457,2288-04-c2_blank_adjust.py,csv;pandas,Sci:_Instruments
1458,1527-04-gather_metadata.py,json;numpy;os;pathlib;re,Sci:_Instruments
1459,1474-04-predict.py,os;pandas;subprocess,"ML:_GNN,_inference"
1460,2420-01-hello_world.py,os;platform;subprocess,Trivial
1461,2225-04-local_fit.py,numpy;os;pathlib;pickle;proxystore;sys;tensorflow;time,ML:_Keras_and_Images
1463,456-04-dither_images.py,PIL;glob;os,Sci:_Images
1464,1122-01-platinfo.py,os;platform,Trivial
1465,1498-01-status_job.py,psij;time,Job
1467,2282-04-excel_to_csv.py,csv;os;pandas;pathlib,Unclustered
1468,945-04-print_hw.py,numpy;sys,Trivial
1469,372-04-run_detection.py,argparse;src;sys,Sci:_Images
1470,1110-01-cancel_job.py,psij;time,Job
1471,1160-01-fpga_vecadd.py,os,Trivial
1472,2632-01-remoteGetData.py,pandas,"ML:_GNN,_inference"
1473,665-03-sound.py,os,Trivial
1474,2507-04-test_parsl.py,os;parsl;random,Trivial
1476,2232-04-gather_metadata.py,pathlib;random,Sci:_Instruments
1477,2137-04-qsub_launch.py,subprocess,Job
1478,1276-01-alphafold.py,os;subprocess;time;uuid,"ML:_GNN,_inference"
1479,851-04-remote_indexing.py,subprocess,Sci:_Instruments
1480,1338-04-run_autocurator.py,subprocess,Sci:_Instruments
1481,2088-04-_launch_worker_pool.py,os;subprocess;tempfile,Job
1482,1239-04-get_file_data.py,os;settings,Sci:_Instruments
1483,1491-04-pong_proxy.py,proxystore;psbench;time,Data:_DSpace
1484,2966-04-get_file_data.py,os;settings;sys,Sci:_Instruments
1485,835-04-remoteIndexing.py,subprocess,Sci:_Instruments
1486,2241-04-gather_metadata.py,pathlib;random,Sci:_Instruments
1487,2945-04-getAnimation.py,matplotlib;mplsoccer;numpy;pandas,Data:_Animation
1488,2871-04-test_keras.py,numpy;os;tensorflow,ML:_Keras_and_Images
1489,1763-04-client_training.py,appfl;os,ML:_Fed_Learning
1490,648-04-run_wrapper.py,os;socket,Job
1491,1724-04-gather_metadata.py,json;pathlib,Sci:_Instruments
1492,2891-04-lenet_inference.py,torch,"ML:_lenet,_alexnet"
1493,2953-04-getAnimation.py,matplotlib;mplsoccer;numpy;pandas,Data:_Animation
1494,1608-04-lenet_inference.py,os;torch;torchvision,"ML:_lenet,_alexnet"
1495,876-04-project_function.py,numpy;pandas;statsmodels,"ML:_GNN,_inference"
1496,1806-01-mpi_operation.py,os;subprocess,Job
1497,1631-04-expression.py,numpy;pandas,Unclustered
1498,2395-04-client_validate_data.py,hellp;src;sys,ML:_Fed_Learning
1499,1707-04-gather_metadata.py,json;pathlib,Sci:_Instruments
1500,537-01-hello_world.py,mlflow;os;pathlib,Data:_MLflow
1501,2396-04-client_validate_data.py,hellp;src;sys,ML:_Fed_Learning
1503,2464-04-run_round.py,torch;torchvision,ML:_unknown
1507,886-01-GCN_test.py,os;time,"ML:_GNN,_inference"
1508,1373-04-local_fit.py,numpy;os;pathlib;pickle;proxystore;sys;tensorflow;time,ML:_Keras_and_Images
1509,1471-04-endpoint_test.py,torch,Trivial
1510,1662-04-hello_world.py,subprocess,Job
1511,533-01-test_function.py,time,Trivial
1512,1554-04-app_double.py,json;libpressio;numpy,Trivial
1513,2895-04-alexnet_inference.py,PIL;cv2;logging;numpy;os;re;torch;torchvision,"ML:_lenet,_alexnet"
1514,2962-04-get_file_data.py,datetime;identify;os;pathlib,Sci:_Instruments
1515,458-04-process_images.py,PIL;glob;os,Sci:_Images
1516,1793-04-prepare_workspace.py,dill;pyhf,Sci:_High_Energy_Physics
1517,1309-04-local_fit.py,numpy;pathlib;pickle;proxystore;sys;tensorflow;time,ML:_Keras_and_Images
1518,2205-01-hello_world.py,flow_utilities,Trivial
1519,2565-04-reprioritize_queue.py,datetime;numpy;scipy;time,ML:_Keras_and_Images
1521,2544-01-remoteGetData.py,pandas,"ML:_GNN,_inference"
1522,1033-04-train_and_validate.py,numpy;sklearn;torch,ML:_LSTM
1523,2068-04-pong_dspaces.py,numpy;os;psbench;time;uuid,Data:_DSpace
1524,716-04-process_images.py,PIL;glob;os,Sci:_Images
1525,750-04-predict.py,numpy;pandas;sklearn,"ML:_GNN,_inference"
1526,2087-04-_launch_worker_pool.py,os;subprocess;tempfile,Job
1528,2968-04-get_file_data.py,identify;os;settings,Sci:_Instruments
1529,2780-04-hello_world.py,platform,Trivial
1530,2531-01-genslm2.py,genslm,ML:_Keras_and_Images
1531,2965-04-get_file_data.py,os;settings;sys,Sci:_Instruments
1532,992-04-slow_double.py,time,Trivial
1533,2342-04-prepare_workspace.py,time,Sci:_High_Energy_Physics
1535,2819-04-untar.py,os;pathlib;tarfile,Sci:_Instruments
1536,1698-04-pong.py,psbench;subprocess;time;uuid,Job
1537,2949-04-get_file_data.py,os;settings,Sci:_Instruments
1538,466-01-add_func.py,os,Trivial
1540,2651-04-glob_xpcs_datasets.py,glob;os;pathlib,Sci:_Instruments
1541,2976-04-get_file_data.py,datetime;fnmatch;identify;json;os;re;ruamel,Sci:_Instruments
1542,1282-04-main.py,common;data;h5py;json;matplotlib;model;numpy;os;pdb;quickstats;re,"ML:_GNN,_force"
1543,1383-04-local_fit.py,numpy;os;pathlib;pickle;proxystore;sys;tensorflow;time,ML:_Keras_and_Images
1544,1860-04-client_training_flamby.py,appfl;collections;importlib;os;torch,ML:_Fed_Learning
1546,1031-04-train_and_validate.py,numpy;os;sklearn;torch,ML:_LSTM
1548,981-04-infer_maxsep.py,CLEAN;os;pandas,"ML:_GNN,_inference"
1551,1107-04-print_hw.py,numpy,Trivial
1552,1335-04-generate_mapfile.py,subprocess;tempfile,Sci:_Instruments
1553,1036-01-hello_world.py,numpy,Trivial
1554,1927-03-hello_world.py,platform,Trivial
1555,2251-04-gather_metadata.py,json;os;pathlib,Sci:_Instruments
1556,2952-04-getPlot.py,numpy,"ML:_GNN,_inference"
1557,1526-04-gather_metadata.py,json;numpy;os;pathlib;re,Sci:_Instruments
1558,1413-04-gather_metadata.py,json;pathlib,Sci:_Instruments
1560,1565-04-run.py,evolutionary_solver;matplotlib,Sci:_Images
1561,2901-04-lenet_inference.py,os;torch;torchvision,"ML:_lenet,_alexnet"
1564,517-04-hello_world.py,mlflow;os;pathlib,Data:_MLflow
1565,1718-04-gather_metadata.py,json;pathlib,Sci:_Instruments
1566,2031-04-train_and_validate.py,collections;dataset;numpy;os;pandas;sklearn;sys;torch,ML:_LSTM
1567,1233-04-get_file_data.py,datetime;flow_utilities;identify;os;sys,Sci:_Instruments
1569,1059-04-infer_p_values.py,CLEAN;os,"ML:_GNN,_inference"
1570,672-03-sound.py,os,Trivial
1571,1508-04-gather_metadata.py,json;numpy;os;pathlib;re,Sci:_Instruments
1572,1859-04-client_training_flamby.py,appfl;collections;importlib;os;sys;torch,ML:_Fed_Learning
1573,2938-04-gnn.py,os,"ML:_GNN,_inference"
1574,1600-04-lenet_inference.py,os;torch;torchvision,"ML:_lenet,_alexnet"
1575,1613-04-test.py,os,Trivial
1576,2037-04-train_and_validate.py,collections;dataset;numpy;os;pandas;sklearn;sys;torch,ML:_LSTM
1577,2641-04-prepare_workspace.py,pyhf,Sci:_High_Energy_Physics
1578,836-04-launch.py,subprocess,Sci:_Instruments
1579,820-04-train_and_validate.py,dataset;os;pandas;sys;torch,ML:_LSTM
1580,2913-01-GCN_test.py,os;shlex;subprocess;time,"ML:_GNN,_inference"
1581,1647-01-hello_world.py,time,Trivial
1582,1583-01-fpga_add.py,funcx,Trivial
1583,2273-04-qsub_launch.py,os;shutil;subprocess,Job
1584,2131-04-qsub_launch.py,subprocess,Job
1585,1427-04-gather_metadata.py,csv;json;os;pathlib;re,Sci:_Instruments
1586,2135-04-qsub_launch.py,os;subprocess,Job
1587,1564-04-run.py,evolutionary_solver;matplotlib,Sci:_Images
1589,2044-04-train_and_validate.py,collections;dataset;numpy;os;pandas;sklearn;sys;torch,ML:_LSTM
1590,1224-04-assemble_data.py,fnmatch;globus_sdk;json;os;pathlib;ruamel,Sci:_Instruments
1591,563-04-hello_world.py,mlflow;pathlib,Data:_MLflow
1594,840-04-remote_indexing.py,subprocess,Sci:_Instruments
1595,338-01-add_func.py,time,Trivial
1597,1169-01-fpga_lenet.py,numpy;pynq,Trivial
1599,1994-01-hello_world.py,platform,Trivial
1600,678-03-sound.py,os,Trivial
1601,2916-01-GCN_test.py,shlex;subprocess;time,"ML:_GNN,_inference"
1603,1657-04-hello_world.py,subprocess,Job
1604,1694-04-gather_metadata.py,json;pathlib,Sci:_Instruments
1605,1280-01-alphafold.py,os;subprocess;time;uuid,"ML:_GNN,_inference"
1606,2633-01-remoteGetData.py,pandas,"ML:_GNN,_inference"
1607,1129-04-alexnet_inference.py,PIL;cv2;logging;numpy;os;re;torch;torchvision,"ML:_lenet,_alexnet"
1611,984-04-infer_maxsep.py,CLEAN;os,"ML:_GNN,_inference"
1613,1620-01-alphafold.py,os;subprocess;time;uuid,"ML:_GNN,_inference"
1614,1187-04-add_func.py,logging,Trivial
1615,1258-04-hello_world.py,colmena,Trivial
1616,821-04-train_and_validate.py,dataset;os;pandas;sys;torch,ML:_LSTM
1617,2122-01-start_flask.py,remote_db;sys,Job
1618,2451-01-trun_mdl_train.py,os;subprocess,"ML:_GNN,_inference"
1619,2013-04-train_and_validate.py,collections;dataset;numpy;os;pandas;sklearn;sys;torch,ML:_LSTM
1620,1630-04-expression.py,numpy;pandas,Unclustered
1621,2917-01-GCN_test.py,os;shlex;subprocess;time,"ML:_GNN,_inference"
1622,445-04-dither_images.py,PIL;glob;os,Sci:_Images
1624,642-04-run_wrapper.py,json;os;socket;sys,Job
1626,2127-01-start_flask.py,remote_db;sys,Job
1627,2260-04-local_fit.py,numpy;os;pathlib;pickle;proxystore;sys;tensorflow;time,ML:_Keras_and_Images
1629,1374-04-local_fit.py,numpy;os;pathlib;pickle;proxystore;sys;tensorflow;time,ML:_Keras_and_Images
1631,2591-01-remoteGetRecommendation.py,funcx;math;networkx;numpy;pandas,"ML:_GNN,_inference"
1632,1604-04-lenet_inference.py,os;torch;torchvision,"ML:_lenet,_alexnet"
1633,2960-04-get_file_data.py,datetime;identify;os,Sci:_Instruments
1634,2888-01-fpga_vecadd.py,numpy;pynq,Trivial
1635,1348-04-local_fit.py,numpy;pathlib;pickle;proxystore;sys;tensorflow;time,ML:_Keras_and_Images
1636,1083-04-store_list_directory_contents_as_json.py,json,Sci:_Instruments
1637,2289-04-c2_blank_adjust.py,csv;pandas,Sci:_Instruments
1638,670-03-sound.py,os,Trivial
1639,1166-04-alexnet_inference.py,PIL;cv2;logging;numpy;os;re;time;torch;torchvision,"ML:_lenet,_alexnet"
1640,2025-04-train_and_validate.py,collections;dataset;numpy;os;pandas;sklearn;sys;torch,ML:_LSTM
1641,2191-04-wait1.py,time,Trivial
1642,722-04-process_images.py,PIL;glob;os,Sci:_Images
1643,2422-01-hello_world.py,os;platform;subprocess,Trivial
1644,1339-04-generate_mapfile.py,subprocess;tempfile,Sci:_Instruments
1645,2079-04-download_cc.py,os;requests,Data:_Common_Crawl
1647,934-04-_cancel_pool.py,psij;time,Job
1649,1539-04-create_alphafold.py,os;subprocess,"ML:_AlphaFold,_tomocupy"
1650,2455-04-create_alphafold.py,os;subprocess,"ML:_AlphaFold,_tomocupy"
1652,1159-01-fpga_vecadd.py,os;pynq,Trivial
1653,2151-01-test.py,os;subprocess;time;uuid,Trivial
1654,1504-04-gather_metadata.py,json;numpy;os;pathlib;re,Sci:_Instruments
1655,1378-04-local_fit.py,numpy;os;pathlib;pickle;proxystore;sys;tensorflow;time,ML:_Keras_and_Images
1656,1770-04-prepare_workspace.py,pickle;pyhf,Sci:_High_Energy_Physics
1657,2570-01-x2.py,proxystore,Trivial
1658,2549-01-remoteGetData.py,pandas,"ML:_GNN,_inference"
1660,2132-04-qsub_launch.py,subprocess,Job
1663,2985-04-main.py,common;data;h5py;json;matplotlib;model;numpy;os;pdb;quickstats;re,"ML:_GNN,_force"
1664,2896-04-lenet_inference.py,torch,"ML:_lenet,_alexnet"
1666,2870-04-run_round.py,tensorflow,ML:_unknown
1667,1656-04-hello_world.py,subprocess,Job
1668,847-04-remote_indexing.py,subprocess,Sci:_Instruments
1669,983-04-infer_maxsep.py,CLEAN;os,"ML:_GNN,_inference"
1671,948-04-print_hw.py,numpy,Trivial
1672,1051-04-infer_p_values.py,os,"ML:_GNN,_inference"
1673,1488-04-prepare_workspace.py,pickle;pyhf,Sci:_High_Energy_Physics
1674,1134-04-lenet_inference.py,os;torch;torchvision,"ML:_lenet,_alexnet"
1675,1516-04-gather_metadata.py,json;numpy;os;pathlib;re,Sci:_Instruments
1677,451-04-dither_images.py,PIL;glob;os,Sci:_Images
1678,1515-04-gather_metadata.py,json;numpy;os;pathlib;re,Sci:_Instruments
1679,562-04-hello_world.py,mlflow;pathlib,Data:_MLflow
1680,2977-01-platform.py,platform,Trivial
1681,1506-04-gather_metadata.py,json;numpy;os;pathlib;re,Sci:_Instruments
1683,1987-01-hello_world.py,platform,Trivial
1684,493-04-expression.py,funcx;numpy;pandas,Unclustered
1685,2150-01-test.py,os;subprocess;time;uuid,Trivial
1686,2904-04-simple_function.py,os,"ML:_AlphaFold,_tomocupy"
1687,1792-04-prepare_workspace.py,dill;pyhf,Sci:_High_Energy_Physics
1688,574-04-train_and_validate.py,collections;dataset;imblearn;numpy;os;pandas;sklearn;sys;torch,ML:_LSTM
1689,915-04-run_detection.py,sys,Sci:_Images
1690,2672-04-create_alphafold.py,os;subprocess,"ML:_AlphaFold,_tomocupy"
1691,1105-04-foo.py,inspect,Trivial
1693,461-04-generate_thumbnails.py,PIL;glob;os,Sci:_Images
1695,1104-04-foo.py,inspect,Trivial
1696,2933-04-assemble_data.py,os;pathlib;search,Sci:_Instruments
1697,2252-04-gather_metadata.py,json;os;pathlib,Sci:_Instruments
1698,2551-01-remoteGetData.py,pandas,"ML:_GNN,_inference"
1699,2177-04-qsub_launch.py,subprocess,Job
1700,1858-04-client_training_flamby.py,appfl;collections;importlib;os;sys;torch,ML:_Fed_Learning
1701,2174-01-trun_mdl_train.py,os;subprocess,"ML:_GNN,_inference"
1702,1424-04-gather_metadata.py,csv;json;os;pathlib;re,Sci:_Instruments
1703,443-04-dither_images.py,PIL;glob;os,Sci:_Images
1704,2063-04-pong_dspaces.py,numpy;os;psbench;time;uuid,Data:_DSpace
1705,1750-04-publishv2.py,datetime;hashlib;mimetypes;pathlib;puremagic;urllib,Data:_Globus
1706,2045-04-train_and_validate.py,collections;dataset;numpy;os;pandas;sklearn;sys;torch,ML:_LSTM
1707,600-04-test_kernel.py,setproctitle;time,Trivial
1710,2973-04-get_file_data.py,datetime;identify;os,Sci:_Instruments
1711,2956-04-getPlot.py,pandas,"ML:_GNN,_inference"
1712,1562-04-run.py,evolutionary_solver;matplotlib;sys,Sci:_Images
1713,1654-04-index_publish.py,subprocess,Sci:_Instruments
1714,1753-04-publishv2.py,datetime;hashlib;mimetypes;pathlib;puremagic;urllib,Data:_Globus
1715,988-04-print_hw.py,numpy,Trivial
1716,2144-04-qsub_launch.py,subprocess,Job
1718,1563-04-run.py,evolutionary_solver;matplotlib,Sci:_Images
1719,2117-04-_submit_tasks.py,remote_db;sys,Job
1720,1684-04-create_alphafold.py,os;subprocess,"ML:_AlphaFold,_tomocupy"
1721,2053-01-busy.py,datetime;time,Trivial
1722,2200-01-hello_world.py,flow_utilities,Trivial
1723,663-04-sound.py,os,Trivial
1724,1030-04-train_and_validate.py,numpy;os;pandas;sklearn;torch,ML:_LSTM
1725,1484-04-create_alphafold.py,os;subprocess,"ML:_AlphaFold,_tomocupy"
1726,681-03-sound.py,os,Trivial
1727,1205-01-submit_job_cobalt.py,psij,Job
1728,1238-04-get_file_data.py,flow_settings;os,Sci:_Instruments
1729,1737-01-funcx_echo.py,os,Trivial
1730,450-04-dither_images.py,PIL;glob;os,Sci:_Images
1731,2878-04-run_round.py,tensorflow,ML:_unknown
1732,624-04-run_workflow_task.py,json;time;ulid;yaml,Job
1733,2773-01-get_platform.py,platform,Trivial
1734,647-04-run_wrapper.py,os;socket,Job
1735,687-03-browser.py,webbrowser,Trivial
1736,2899-04-lenet_inference.py,os;torch;torchvision,"ML:_lenet,_alexnet"
1737,2905-04-getAnimation.py,matplotlib;mplsoccer;numpy;pandas,Data:_Animation
1739,1043-04-write_list_to_csv.py,csv;os,"ML:_GNN,_inference"
1740,913-04-_start_scheduled_pool.py,os;re;subprocess;traceback;worker_pool,Job
1741,1216-04-extract_data.py,pathlib,Sci:_Instruments
1742,2902-04-lenet_inference.py,os;torch;torchvision,"ML:_lenet,_alexnet"
1743,88-04-update_client.py,subprocess,Job
1744,1522-04-gather_metadata.py,json;numpy;os;pathlib;re,Sci:_Instruments
1745,2152-01-test.py,os;subprocess;time;uuid,Trivial
1746,2224-04-local_fit.py,numpy;os;pathlib;pickle;proxystore;sys;tensorflow;time,ML:_Keras_and_Images
1747,2272-01-hello_world.py,ajkshdasd,Trivial
1749,2545-01-remoteGetData.py,pandas,"ML:_GNN,_inference"
1752,916-04-run_detection.py,pathlib;sys,Sci:_Images
1753,1722-04-gather_metadata.py,json;pathlib,Sci:_Instruments
1754,2997-04-main.py,HighLevelFeatures;common;data;h5py;json;matplotlib;model;numpy;os;pdb;quickstats;re,"ML:_GNN,_force"
1755,641-04-run_wrapper.py,json;os;socket;sys,Job
1756,1061-04-retrieve_embeddings.py,CLEAN,"ML:_GNN,_inference"
1758,1204-01-cancel_job.py,psij;time,Job
1759,2061-04-pong_dspaces.py,numpy;os;psbench;time;uuid,Data:_DSpace
1760,467-01-add_func.py,os,Trivial
1761,556-04-hello_world.py,mlflow;os;pathlib,Data:_MLflow
1762,2080-04-download_cc.py,os;requests,Data:_Common_Crawl
1763,459-04-process_images.py,PIL;glob;os,Sci:_Images
1764,643-04-run_wrapper.py,json;os;socket,Job
1765,1593-04-funcx_platformName.py,platform,Trivial
1766,1730-04-gather_metadata.py,json;pathlib,Sci:_Instruments
1767,487-04-hello_world.py,mlflow;os,Data:_MLflow
1769,677-03-sound.py,os,Trivial
1770,2602-01-remoteGetUndirectedMovieGraph.py,networkx;sklearn,"ML:_GNN,_inference"
1771,690-03-browser.py,webbrowser,Trivial
1772,2216-04-gather_metadata.py,pathlib,Sci:_Instruments
1773,2903-04-lenet_inference.py,os;torch;torchvision,"ML:_lenet,_alexnet"
1774,1219-04-project_function.py,numpy,Trivial
1775,685-03-toast.py,os,Trivial
1777,1546-04-run.py,argparse;color_picker_loop;copy;evolutionary_solver;funcx;itertools;json;matplotlib;numpy;os;pathlib;plate_color_analysis;rpl_wei;shutil;sys;threading;typing,Sci:_Images
1778,1283-04-main.py,common;data;h5py;json;matplotlib;model;numpy;os;pdb;quickstats;re,"ML:_GNN,_force"
1780,1126-01-platinfo.py,os;platform,Trivial
1781,557-04-hello_world.py,mlflow;os;pathlib,Data:_MLflow
1782,2222-04-local_fit.py,numpy;os;pathlib;pickle;proxystore;sys;tensorflow;time,ML:_Keras_and_Images
1783,2974-04-extract_data.py,datetime;fnmatch;identify;json;os;pathlib;re;ruamel,Sci:_Instruments
1784,2769-01-get_platform.py,platform,Trivial
1785,1560-04-run.py,argparse;color_picker_loop;copy;evolutionary_solver;funcx;itertools;json;matplotlib;numpy;os;pathlib;plate_color_analysis;rpl_wei;shutil;sys;threading;typing,Sci:_Images
1786,2599-01-remoteGetUndirectedMovieGraph.py,networkx;sklearn,"ML:_GNN,_inference"
1788,1748-04-publishv2.py,datetime;hashlib;mimetypes;pathlib;puremagic;urllib,Data:_Globus
1789,2925-04-project_function.py,statsmodels,"ML:_GNN,_inference"
1791,558-04-hello_world.py,mlflow;os;pathlib,Data:_MLflow
1792,679-03-sound.py,os,Trivial
1794,1232-04-get_file_data.py,datetime;fnmatch;identify;json;os;re;ruamel,Sci:_Instruments
1796,674-03-sound.py,os;time,Trivial
1797,455-04-dither_images.py,PIL;glob;os,Sci:_Images
1798,444-04-dither_images.py,PIL;glob;os,Sci:_Images
1799,507-04-hello_world.py,mlflow;pathlib,Data:_MLflow
1800,1524-04-gather_metadata.py,json;numpy;os;pathlib;re,Sci:_Instruments
1801,846-04-remote_indexing.py,subprocess,Sci:_Instruments
1802,538-01-hello_world.py,mlflow;os,Data:_MLflow
1805,738-01-hello_world.py,platform,Trivial
1808,2431-04-start_flask.py,subprocess,Job
1809,721-04-process_images.py,PIL;glob;os,Sci:_Images
1810,1752-04-publishv2.py,datetime;hashlib;mimetypes;pathlib;puremagic;urllib,Data:_Globus
1814,3008-04-_launch_worker_pool.py,os;subprocess;tempfile;traceback,Job
1816,715-04-process_images.py,PIL;glob;os,Sci:_Images
1818,2631-01-remoteGetData.py,pandas,"ML:_GNN,_inference"
1819,2190-04-wait2.py,time,Trivial
1820,1352-04-generate_mapfile.py,os;sys,Sci:_Instruments
1821,2423-01-hello_world.py,os;platform;subprocess,Trivial
1822,2060-04-pong_dspaces.py,dspaces;numpy;os;psbench;time;uuid,Data:_DSpace
1823,554-03-hello_world.py,time,Trivial
1824,683-03-browser.py,webbrowser,Trivial
1825,430-01-tomocupy_wrapper.py,subprocess,"ML:_AlphaFold,_tomocupy"
1826,2158-01-test.py,os;subprocess;time;uuid,Trivial
1827,2245-04-gather_metadata.py,pathlib;random,Sci:_Instruments
1828,2073-04-download_cc.py,gzip;os;requests,Data:_Common_Crawl
1829,546-04-call_mtrack.py,mtrack,Data:_mtrack
1831,930-04-rate_soup_COMPOSED_WITH_make_soup_COMPOSED_WITH_split_peas.py,inspect,Trivial
1832,1723-04-gather_metadata.py,json;pathlib,Sci:_Instruments
1833,1377-04-local_fit.py,numpy;os;pathlib;pickle;proxystore;sys;tensorflow;time,ML:_Keras_and_Images
1835,1609-04-lenet_inference.py,os;torch;torchvision,"ML:_lenet,_alexnet"
1836,1371-04-local_fit.py,numpy;os;pathlib;pickle;proxystore;sys;tensorflow;time,ML:_Keras_and_Images
1837,2030-04-train_and_validate.py,collections;dataset;numpy;os;pandas;sklearn;sys;torch,ML:_LSTM
1838,952-04-print_hw.py,numpy,Trivial
1839,2179-04-qsub_launch.py,subprocess,Job
1840,1926-03-hello_world.py,platform,Trivial
1841,1389-04-local_fit.py,numpy;os;pathlib;pickle;proxystore;sys;tensorflow;time,ML:_Keras_and_Images
1842,1249-04-getData.py,numpy;pandas,Data:_Animation
1843,1414-04-gather_metadata.py,json;pathlib,Sci:_Instruments
1844,980-04-infer_maxsep.py,CLEAN;os;pandas,"ML:_GNN,_inference"
1845,2964-04-get_file_data.py,os;settings,Sci:_Instruments
1846,1081-04-store_list_directory_contents_as_json.py,json,Sci:_Instruments
1847,1511-04-gather_metadata.py,json;numpy;os;pathlib;re,Sci:_Instruments
