"imports","install","all_top_10","cluster_top_10"
"argparse;copy;datetime;funcx;itertools;json;matplotlib;numpy;os;pathlib;shutil;sys;threading;typing","argparse;datetime;funcx;matplotlib;numpy;pathlib;typing","numpy;pathlib;pandas;torch;tensorflow;proxystore;scikit-learn;uuid;datetime;dataset","pillow;argparse;matplotlib;pathlib;numpy;typing;funcx;opencv-python;datetime;cv2"
"argparse;copy;funcx;itertools;json;matplotlib;numpy;os;pathlib;shutil;sys;threading;typing","argparse;funcx;matplotlib;numpy;pathlib;typing","numpy;pathlib;pandas;torch;tensorflow;proxystore;scikit-learn;uuid;datetime;dataset","pillow;argparse;matplotlib;pathlib;numpy;typing;funcx;opencv-python;datetime;cv2"
"argparse;sys","argparse","numpy;pathlib;pandas;torch;tensorflow;proxystore;scikit-learn;uuid;datetime;dataset","pillow;argparse;matplotlib;pathlib;numpy;typing;funcx;opencv-python;datetime;cv2"
"CLEAN","clean","numpy;pathlib;pandas;torch;tensorflow;proxystore;scikit-learn;uuid;datetime;dataset","pandas;numpy;uuid;scikit-learn;clean;networkx;statsmodels;NA;funcx;matplotlib;osprey"
"CLEAN;os","clean","numpy;pathlib;pandas;torch;tensorflow;proxystore;scikit-learn;uuid;datetime;dataset","pandas;numpy;uuid;scikit-learn;clean;networkx;statsmodels;NA;funcx;matplotlib;osprey"
"CLEAN;os;pandas","clean;pandas","numpy;pathlib;pandas;torch;tensorflow;proxystore;scikit-learn;uuid;datetime;dataset","pandas;numpy;uuid;scikit-learn;clean;networkx;statsmodels;NA;funcx;matplotlib;osprey"
"collections;dataset;imblearn;numpy;os;pandas;sklearn;sys;torch","dataset;imblearn;numpy;pandas;scikit-learn;torch","numpy;pathlib;pandas;torch;tensorflow;proxystore;scikit-learn;uuid;datetime;dataset","pandas;numpy;scikit-learn;torch;dataset;imblearn"
"collections;dataset;numpy;os;pandas;sklearn;sys;torch","dataset;numpy;pandas;scikit-learn;torch","numpy;pathlib;pandas;torch;tensorflow;proxystore;scikit-learn;uuid;datetime;dataset","pandas;numpy;scikit-learn;torch;dataset;imblearn"
"collections;importlib;os;sys;torch","torch","numpy;pathlib;pandas;torch;tensorflow;proxystore;scikit-learn;uuid;datetime;dataset","torch"
"collections;importlib;os;torch","torch","numpy;pathlib;pandas;torch;tensorflow;proxystore;scikit-learn;uuid;datetime;dataset","torch"
"collections;os","","numpy;pathlib;pandas;torch;tensorflow;proxystore;scikit-learn;uuid;datetime;dataset","torch"
"colmena","colmena","numpy;pathlib;pandas;torch;tensorflow;proxystore;scikit-learn;uuid;datetime;dataset","numpy;uuid;torch;setproctitle;proxystore;scipy;funcx;datetime;parsl;python_tsp"
"common;data;h5py;json;matplotlib;numpy;os;pdb;quickstats;re","common;data;h5py;matplotlib;numpy;quickstats","numpy;pathlib;pandas;torch;tensorflow;proxystore;scikit-learn;uuid;datetime;dataset","numpy;quickstats;h5py;matplotlib;common;data;libensemble"
"copy;datetime;h5py;json;numpy;os;pathlib;re;traceback","datetime;h5py;numpy;pathlib","numpy;pathlib;pandas;torch;tensorflow;proxystore;scikit-learn;uuid;datetime;dataset","pathlib;numpy;datetime;identify;pandas;globus-sdk;h5py;matplotlib;urllib3;requests"
"csv;json;os;pathlib;re","pathlib","numpy;pathlib;pandas;torch;tensorflow;proxystore;scikit-learn;uuid;datetime;dataset","pathlib;numpy;datetime;identify;pandas;globus-sdk;h5py;matplotlib;urllib3;requests"
"csv;numpy;os","numpy","numpy;pathlib;pandas;torch;tensorflow;proxystore;scikit-learn;uuid;datetime;dataset","pandas;numpy;uuid;scikit-learn;clean;networkx;statsmodels;NA;funcx;matplotlib;osprey"
"csv;os","","numpy;pathlib;pandas;torch;tensorflow;proxystore;scikit-learn;uuid;datetime;dataset","pandas;numpy;uuid;scikit-learn;clean;networkx;statsmodels;NA;funcx;matplotlib;osprey"
"csv;os;pandas;pathlib","pandas;pathlib","numpy;pathlib;pandas;torch;tensorflow;proxystore;scikit-learn;uuid;datetime;dataset","pandas;numpy;pathlib;psutil;pynvml;funcx"
"csv;pandas","pandas","numpy;pathlib;pandas;torch;tensorflow;proxystore;scikit-learn;uuid;datetime;dataset","pathlib;numpy;datetime;identify;pandas;globus-sdk;h5py;matplotlib;urllib3;requests"
"cv2;numpy;pathlib;typing","opencv-python;numpy;pathlib;typing;cv2","numpy;pathlib;pandas;torch;tensorflow;proxystore;scikit-learn;uuid;datetime;dataset","pillow;argparse;matplotlib;pathlib;numpy;typing;funcx;opencv-python;datetime;cv2"
"datacite;datetime;hashlib;jsonschema;mimetypes;pathlib;puremagic;traceback;urllib","datacite;datetime;jsonschema;pathlib;puremagic","numpy;pathlib;pandas;torch;tensorflow;proxystore;scikit-learn;uuid;datetime;dataset","datetime;pathlib;puremagic;datacite;jsonschema"
"dataset;numpy;os;pandas;sklearn;sys;torch","dataset;numpy;pandas;scikit-learn;torch","numpy;pathlib;pandas;torch;tensorflow;proxystore;scikit-learn;uuid;datetime;dataset","pandas;numpy;scikit-learn;torch;dataset;imblearn"
"dataset;numpy;os;pandas;sklearn;torch","dataset;numpy;pandas;scikit-learn;torch","numpy;pathlib;pandas;torch;tensorflow;proxystore;scikit-learn;uuid;datetime;dataset","pandas;numpy;scikit-learn;torch;dataset;imblearn"
"dataset;os;pandas;sys;torch","dataset;pandas;torch","numpy;pathlib;pandas;torch;tensorflow;proxystore;scikit-learn;uuid;datetime;dataset","pandas;numpy;scikit-learn;torch;dataset;imblearn"
"datetime","datetime","numpy;pathlib;pandas;torch;tensorflow;proxystore;scikit-learn;uuid;datetime;dataset","numpy;uuid;torch;setproctitle;proxystore;scipy;funcx;datetime;parsl;python_tsp"
"datetime;fnmatch;identify;json;os;pathlib;re","datetime;identify;pathlib","numpy;pathlib;pandas;torch;tensorflow;proxystore;scikit-learn;uuid;datetime;dataset","pathlib;numpy;datetime;identify;pandas;globus-sdk;h5py;matplotlib;urllib3;requests"
"datetime;fnmatch;identify;json;os;re","datetime;identify","numpy;pathlib;pandas;torch;tensorflow;proxystore;scikit-learn;uuid;datetime;dataset","pathlib;numpy;datetime;identify;pandas;globus-sdk;h5py;matplotlib;urllib3;requests"
"datetime;globus_sdk;identify;os;shutil;urllib3","datetime;globus-sdk;identify;urllib3","numpy;pathlib;pandas;torch;tensorflow;proxystore;scikit-learn;uuid;datetime;dataset","pathlib;numpy;datetime;identify;pandas;globus-sdk;h5py;matplotlib;urllib3;requests"
"datetime;hashlib;mimetypes;pathlib;puremagic;urllib","datetime;pathlib;puremagic","numpy;pathlib;pandas;torch;tensorflow;proxystore;scikit-learn;uuid;datetime;dataset","datetime;pathlib;puremagic;datacite;jsonschema"
"datetime;hashlib;pathlib","datetime;pathlib","numpy;pathlib;pandas;torch;tensorflow;proxystore;scikit-learn;uuid;datetime;dataset","pathlib;numpy;datetime;identify;pandas;globus-sdk;h5py;matplotlib;urllib3;requests"
"datetime;identify;os","datetime;identify","numpy;pathlib;pandas;torch;tensorflow;proxystore;scikit-learn;uuid;datetime;dataset","pathlib;numpy;datetime;identify;pandas;globus-sdk;h5py;matplotlib;urllib3;requests"
"datetime;identify;os;pathlib","datetime;identify;pathlib","numpy;pathlib;pandas;torch;tensorflow;proxystore;scikit-learn;uuid;datetime;dataset","pathlib;numpy;datetime;identify;pandas;globus-sdk;h5py;matplotlib;urllib3;requests"
"datetime;identify;os;sys","datetime;identify","numpy;pathlib;pandas;torch;tensorflow;proxystore;scikit-learn;uuid;datetime;dataset","pathlib;numpy;datetime;identify;pandas;globus-sdk;h5py;matplotlib;urllib3;requests"
"datetime;numpy;scipy;time","datetime;numpy;scipy","numpy;pathlib;pandas;torch;tensorflow;proxystore;scikit-learn;uuid;datetime;dataset","numpy;tensorflow;proxystore;pathlib;pandas;datetime;funcx;scipy;psutil;ipdb"
"datetime;platform;psutil;timeit","datetime;psutil","numpy;pathlib;pandas;torch;tensorflow;proxystore;scikit-learn;uuid;datetime;dataset","numpy;tensorflow;proxystore;pathlib;pandas;datetime;funcx;scipy;psutil;ipdb"
"datetime;time","datetime","numpy;pathlib;pandas;torch;tensorflow;proxystore;scikit-learn;uuid;datetime;dataset","numpy;uuid;torch;setproctitle;proxystore;scipy;funcx;datetime;parsl;python_tsp"
"deriva;globus_sdk;os;requests;warnings","deriva;globus-sdk;requests","numpy;pathlib;pandas;torch;tensorflow;proxystore;scikit-learn;uuid;datetime;dataset","uuid;deriva;globus-sdk;requests"
"dill;pyhf","dill;pyhf","numpy;pathlib;pandas;torch;tensorflow;proxystore;scikit-learn;uuid;datetime;dataset","pyhf;dill"
"dill;pyhf;sys","dill;pyhf","numpy;pathlib;pandas;torch;tensorflow;proxystore;scikit-learn;uuid;datetime;dataset","pyhf;dill"
"eqsql;os;re;subprocess;traceback","eqsql","numpy;pathlib;pandas;torch;tensorflow;proxystore;scikit-learn;uuid;datetime;dataset","psij-python;home_run;ulid;PyYAML;uuid;eqsql;pathlib"
"fnmatch;globus_sdk;json;os;pathlib","globus-sdk;pathlib","numpy;pathlib;pandas;torch;tensorflow;proxystore;scikit-learn;uuid;datetime;dataset","pathlib;numpy;datetime;identify;pandas;globus-sdk;h5py;matplotlib;urllib3;requests"
"funcx","funcx","numpy;pathlib;pandas;torch;tensorflow;proxystore;scikit-learn;uuid;datetime;dataset","numpy;uuid;torch;setproctitle;proxystore;scipy;funcx;datetime;parsl;python_tsp"
"funcx;math;networkx;numpy;pandas","funcx;networkx;numpy;pandas","numpy;pathlib;pandas;torch;tensorflow;proxystore;scikit-learn;uuid;datetime;dataset","pandas;numpy;uuid;scikit-learn;clean;networkx;statsmodels;NA;funcx;matplotlib;osprey"
"funcx;numpy;os;pathlib;pickle;proxystore;sys;tensorflow;time","funcx;numpy;pathlib;proxystore;tensorflow","numpy;pathlib;pandas;torch;tensorflow;proxystore;scikit-learn;uuid;datetime;dataset","numpy;tensorflow;proxystore;pathlib;pandas;datetime;funcx;scipy;psutil;ipdb"
"funcx;numpy;pandas","funcx;numpy;pandas","numpy;pathlib;pandas;torch;tensorflow;proxystore;scikit-learn;uuid;datetime;dataset","pandas;numpy;pathlib;psutil;pynvml;funcx"
"funcx;sys","funcx","numpy;pathlib;pandas;torch;tensorflow;proxystore;scikit-learn;uuid;datetime;dataset","numpy;uuid;torch;setproctitle;proxystore;scipy;funcx;datetime;parsl;python_tsp"
"glob","","numpy;pathlib;pandas;torch;tensorflow;proxystore;scikit-learn;uuid;datetime;dataset","pathlib;numpy;datetime;identify;pandas;globus-sdk;h5py;matplotlib;urllib3;requests"
"glob;os;pathlib","pathlib","numpy;pathlib;pandas;torch;tensorflow;proxystore;scikit-learn;uuid;datetime;dataset","pathlib;numpy;datetime;identify;pandas;globus-sdk;h5py;matplotlib;urllib3;requests"
"globus_sdk","globus-sdk","numpy;pathlib;pandas;torch;tensorflow;proxystore;scikit-learn;uuid;datetime;dataset","pathlib;numpy;datetime;identify;pandas;globus-sdk;h5py;matplotlib;urllib3;requests"
"globus_sdk;json;os","globus-sdk","numpy;pathlib;pandas;torch;tensorflow;proxystore;scikit-learn;uuid;datetime;dataset","pathlib;numpy;datetime;identify;pandas;globus-sdk;h5py;matplotlib;urllib3;requests"
"globus_sdk;json;os;pathlib","globus-sdk;pathlib","numpy;pathlib;pandas;torch;tensorflow;proxystore;scikit-learn;uuid;datetime;dataset","pathlib;numpy;datetime;identify;pandas;globus-sdk;h5py;matplotlib;urllib3;requests"
"gzip;os;requests","requests","numpy;pathlib;pandas;torch;tensorflow;proxystore;scikit-learn;uuid;datetime;dataset","requests"
"h5py;json;matplotlib;numpy;os;pdb;quickstats;re","h5py;matplotlib;numpy;quickstats","numpy;pathlib;pandas;torch;tensorflow;proxystore;scikit-learn;uuid;datetime;dataset","numpy;quickstats;h5py;matplotlib;common;data;libensemble"
"hashlib","","numpy;pathlib;pandas;torch;tensorflow;proxystore;scikit-learn;uuid;datetime;dataset",""
"hashlib;os","","numpy;pathlib;pandas;torch;tensorflow;proxystore;scikit-learn;uuid;datetime;dataset","datetime;pathlib;puremagic;datacite;jsonschema"
"home_run;json;os;sys;time","home_run","numpy;pathlib;pandas;torch;tensorflow;proxystore;scikit-learn;uuid;datetime;dataset","psij-python;home_run;ulid;PyYAML;uuid;eqsql;pathlib"
"home_run;json;os;time","home_run","numpy;pathlib;pandas;torch;tensorflow;proxystore;scikit-learn;uuid;datetime;dataset","psij-python;home_run;ulid;PyYAML;uuid;eqsql;pathlib"
"identify;os","identify","numpy;pathlib;pandas;torch;tensorflow;proxystore;scikit-learn;uuid;datetime;dataset","pathlib;numpy;datetime;identify;pandas;globus-sdk;h5py;matplotlib;urllib3;requests"
"imageio;io;numpy;proxystore;time","imageio;numpy;proxystore","numpy;pathlib;pandas;torch;tensorflow;proxystore;scikit-learn;uuid;datetime;dataset","numpy;tensorflow;proxystore;pathlib;pandas;datetime;funcx;scipy;psutil;ipdb"
"importlib","","numpy;pathlib;pandas;torch;tensorflow;proxystore;scikit-learn;uuid;datetime;dataset","torch"
"inspect","","numpy;pathlib;pandas;torch;tensorflow;proxystore;scikit-learn;uuid;datetime;dataset","numpy;uuid;torch;setproctitle;proxystore;scipy;funcx;datetime;parsl;python_tsp"
"io;pandas;urllib","pandas","numpy;pathlib;pandas;torch;tensorflow;proxystore;scikit-learn;uuid;datetime;dataset","pandas;numpy;uuid;scikit-learn;clean;networkx;statsmodels;NA;funcx;matplotlib;osprey"
"ipdb","ipdb","numpy;pathlib;pandas;torch;tensorflow;proxystore;scikit-learn;uuid;datetime;dataset","numpy;tensorflow;proxystore;pathlib;pandas;datetime;funcx;scipy;psutil;ipdb"
"json","","numpy;pathlib;pandas;torch;tensorflow;proxystore;scikit-learn;uuid;datetime;dataset","pathlib;numpy;datetime;identify;pandas;globus-sdk;h5py;matplotlib;urllib3;requests"
"json;logging;os","","numpy;pathlib;pandas;torch;tensorflow;proxystore;scikit-learn;uuid;datetime;dataset","pathlib;numpy;datetime;identify;pandas;globus-sdk;h5py;matplotlib;urllib3;requests"
"json;logging;traceback;uuid","uuid","numpy;pathlib;pandas;torch;tensorflow;proxystore;scikit-learn;uuid;datetime;dataset","uuid;deriva;globus-sdk;requests"
"json;numpy","numpy","numpy;pathlib;pandas;torch;tensorflow;proxystore;scikit-learn;uuid;datetime;dataset","numpy;uuid;torch;setproctitle;proxystore;scipy;funcx;datetime;parsl;python_tsp"
"json;numpy;os;pathlib;re","numpy;pathlib","numpy;pathlib;pandas;torch;tensorflow;proxystore;scikit-learn;uuid;datetime;dataset","pathlib;numpy;datetime;identify;pandas;globus-sdk;h5py;matplotlib;urllib3;requests"
"json;numpy;proxystore","numpy;proxystore","numpy;pathlib;pandas;torch;tensorflow;proxystore;scikit-learn;uuid;datetime;dataset","numpy;uuid;torch;setproctitle;proxystore;scipy;funcx;datetime;parsl;python_tsp"
"json;os","","numpy;pathlib;pandas;torch;tensorflow;proxystore;scikit-learn;uuid;datetime;dataset","pathlib;numpy;datetime;identify;pandas;globus-sdk;h5py;matplotlib;urllib3;requests"
"json;os;pathlib","pathlib","numpy;pathlib;pandas;torch;tensorflow;proxystore;scikit-learn;uuid;datetime;dataset","pathlib;numpy;datetime;identify;pandas;globus-sdk;h5py;matplotlib;urllib3;requests"
"json;os;socket","","numpy;pathlib;pandas;torch;tensorflow;proxystore;scikit-learn;uuid;datetime;dataset","psij-python;home_run;ulid;PyYAML;uuid;eqsql;pathlib"
"json;os;socket;sys","","numpy;pathlib;pandas;torch;tensorflow;proxystore;scikit-learn;uuid;datetime;dataset","psij-python;home_run;ulid;PyYAML;uuid;eqsql;pathlib"
"json;os;socket;sys;traceback","","numpy;pathlib;pandas;torch;tensorflow;proxystore;scikit-learn;uuid;datetime;dataset","psij-python;home_run;ulid;PyYAML;uuid;eqsql;pathlib"
"json;os;subprocess;tempfile","","numpy;pathlib;pandas;torch;tensorflow;proxystore;scikit-learn;uuid;datetime;dataset","pathlib;numpy;datetime;identify;pandas;globus-sdk;h5py;matplotlib;urllib3;requests"
"json;os;tempfile","","numpy;pathlib;pandas;torch;tensorflow;proxystore;scikit-learn;uuid;datetime;dataset","pathlib;numpy;datetime;identify;pandas;globus-sdk;h5py;matplotlib;urllib3;requests"
"json;pandas","pandas","numpy;pathlib;pandas;torch;tensorflow;proxystore;scikit-learn;uuid;datetime;dataset","pathlib;numpy;datetime;identify;pandas;globus-sdk;h5py;matplotlib;urllib3;requests"
"json;pathlib","pathlib","numpy;pathlib;pandas;torch;tensorflow;proxystore;scikit-learn;uuid;datetime;dataset","pathlib;numpy;datetime;identify;pandas;globus-sdk;h5py;matplotlib;urllib3;requests"
"json;requests","requests","numpy;pathlib;pandas;torch;tensorflow;proxystore;scikit-learn;uuid;datetime;dataset","pathlib;numpy;datetime;identify;pandas;globus-sdk;h5py;matplotlib;urllib3;requests"
"json;time;ulid;yaml","ulid;PyYAML","numpy;pathlib;pandas;torch;tensorflow;proxystore;scikit-learn;uuid;datetime;dataset","psij-python;home_run;ulid;PyYAML;uuid;eqsql;pathlib"
"kafka;proxystore","kafka-python;proxystore","numpy;pathlib;pandas;torch;tensorflow;proxystore;scikit-learn;uuid;datetime;dataset","numpy;uuid;torch;setproctitle;proxystore;scipy;funcx;datetime;parsl;python_tsp"
"keras;numpy;pandas","tensorflow;keras;numpy;pandas","numpy;pathlib;pandas;torch;tensorflow;proxystore;scikit-learn;uuid;datetime;dataset","pandas;numpy;uuid;scikit-learn;clean;networkx;statsmodels;NA;funcx;matplotlib;osprey"
"libensemble;numpy;os;secrets;time","libensemble;numpy","numpy;pathlib;pandas;torch;tensorflow;proxystore;scikit-learn;uuid;datetime;dataset","numpy;quickstats;h5py;matplotlib;common;data;libensemble"
"logging","","numpy;pathlib;pandas;torch;tensorflow;proxystore;scikit-learn;uuid;datetime;dataset","numpy;uuid;torch;setproctitle;proxystore;scipy;funcx;datetime;parsl;python_tsp"
"logging;os;requests","requests","numpy;pathlib;pandas;torch;tensorflow;proxystore;scikit-learn;uuid;datetime;dataset","requests"
"logging;psij","psij-python","numpy;pathlib;pandas;torch;tensorflow;proxystore;scikit-learn;uuid;datetime;dataset","psij-python;home_run;ulid;PyYAML;uuid;eqsql;pathlib"
"logging;traceback;uuid","uuid","numpy;pathlib;pandas;torch;tensorflow;proxystore;scikit-learn;uuid;datetime;dataset","uuid;deriva;globus-sdk;requests"
"math;numpy","numpy","numpy;pathlib;pandas;torch;tensorflow;proxystore;scikit-learn;uuid;datetime;dataset","pandas;numpy;uuid;scikit-learn;clean;networkx;statsmodels;NA;funcx;matplotlib;osprey"
"math;numpy;pandas","numpy;pandas","numpy;pathlib;pandas;torch;tensorflow;proxystore;scikit-learn;uuid;datetime;dataset","pandas;numpy;uuid;scikit-learn;clean;networkx;statsmodels;NA;funcx;matplotlib;osprey"
"matplotlib","matplotlib","numpy;pathlib;pandas;torch;tensorflow;proxystore;scikit-learn;uuid;datetime;dataset","pillow;argparse;matplotlib;pathlib;numpy;typing;funcx;opencv-python;datetime;cv2"
"matplotlib;mplsoccer;numpy;pandas","matplotlib;mplsoccer;numpy;pandas","numpy;pathlib;pandas;torch;tensorflow;proxystore;scikit-learn;uuid;datetime;dataset","numpy;pandas;matplotlib;mplsoccer"
"matplotlib;numpy","matplotlib;numpy","numpy;pathlib;pandas;torch;tensorflow;proxystore;scikit-learn;uuid;datetime;dataset","pandas;numpy;uuid;scikit-learn;clean;networkx;statsmodels;NA;funcx;matplotlib;osprey"
"matplotlib;os","matplotlib","numpy;pathlib;pandas;torch;tensorflow;proxystore;scikit-learn;uuid;datetime;dataset","pathlib;numpy;datetime;identify;pandas;globus-sdk;h5py;matplotlib;urllib3;requests"
"matplotlib;os;pandas","matplotlib;pandas","numpy;pathlib;pandas;torch;tensorflow;proxystore;scikit-learn;uuid;datetime;dataset","pathlib;numpy;datetime;identify;pandas;globus-sdk;h5py;matplotlib;urllib3;requests"
"matplotlib;sys","matplotlib","numpy;pathlib;pandas;torch;tensorflow;proxystore;scikit-learn;uuid;datetime;dataset","pillow;argparse;matplotlib;pathlib;numpy;typing;funcx;opencv-python;datetime;cv2"
"mlflow;os","mlflow","numpy;pathlib;pandas;torch;tensorflow;proxystore;scikit-learn;uuid;datetime;dataset","mlflow;pathlib"
"mlflow;os;pathlib","mlflow;pathlib","numpy;pathlib;pandas;torch;tensorflow;proxystore;scikit-learn;uuid;datetime;dataset","mlflow;pathlib"
"mlflow;pathlib","mlflow;pathlib","numpy;pathlib;pandas;torch;tensorflow;proxystore;scikit-learn;uuid;datetime;dataset","mlflow;pathlib"
"multiprocessing;os;time","","numpy;pathlib;pandas;torch;tensorflow;proxystore;scikit-learn;uuid;datetime;dataset","numpy;uuid;torch;setproctitle;proxystore;scipy;funcx;datetime;parsl;python_tsp"
"networkx;sklearn","networkx;scikit-learn","numpy;pathlib;pandas;torch;tensorflow;proxystore;scikit-learn;uuid;datetime;dataset","pandas;numpy;uuid;scikit-learn;clean;networkx;statsmodels;NA;funcx;matplotlib;osprey"
"numpy","numpy","numpy;pathlib;pandas;torch;tensorflow;proxystore;scikit-learn;uuid;datetime;dataset","numpy;uuid;torch;setproctitle;proxystore;scipy;funcx;datetime;parsl;python_tsp"
"numpy;os;pandas;sklearn;sys;torch","numpy;pandas;scikit-learn;torch","numpy;pathlib;pandas;torch;tensorflow;proxystore;scikit-learn;uuid;datetime;dataset","pandas;numpy;scikit-learn;torch;dataset;imblearn"
"numpy;os;pandas;sklearn;torch","numpy;pandas;scikit-learn;torch","numpy;pathlib;pandas;torch;tensorflow;proxystore;scikit-learn;uuid;datetime;dataset","pandas;numpy;scikit-learn;torch;dataset;imblearn"
"numpy;os;pathlib;pickle;proxystore;sys;tensorflow;time","numpy;pathlib;proxystore;tensorflow","numpy;pathlib;pandas;torch;tensorflow;proxystore;scikit-learn;uuid;datetime;dataset","numpy;tensorflow;proxystore;pathlib;pandas;datetime;funcx;scipy;psutil;ipdb"
"numpy;os;sklearn;torch","numpy;scikit-learn;torch","numpy;pathlib;pandas;torch;tensorflow;proxystore;scikit-learn;uuid;datetime;dataset","pandas;numpy;scikit-learn;torch;dataset;imblearn"
"numpy;os;tensorflow","numpy;tensorflow","numpy;pathlib;pandas;torch;tensorflow;proxystore;scikit-learn;uuid;datetime;dataset","numpy;tensorflow;proxystore;pathlib;pandas;datetime;funcx;scipy;psutil;ipdb"
"numpy;os;time;uuid","numpy;uuid","numpy;pathlib;pandas;torch;tensorflow;proxystore;scikit-learn;uuid;datetime;dataset","numpy;uuid;proxystore"
"numpy;pandas","numpy;pandas","numpy;pathlib;pandas;torch;tensorflow;proxystore;scikit-learn;uuid;datetime;dataset","pandas;numpy;pathlib;psutil;pynvml;funcx"
"numpy;pandas;random;sklearn","numpy;pandas;scikit-learn","numpy;pathlib;pandas;torch;tensorflow;proxystore;scikit-learn;uuid;datetime;dataset","pandas;numpy;scikit-learn;torch;dataset;imblearn"
"numpy;pandas;sklearn","numpy;pandas;scikit-learn","numpy;pathlib;pandas;torch;tensorflow;proxystore;scikit-learn;uuid;datetime;dataset","pandas;numpy;uuid;scikit-learn;clean;networkx;statsmodels;NA;funcx;matplotlib;osprey"
"numpy;pandas;statsmodels","numpy;pandas;statsmodels","numpy;pathlib;pandas;torch;tensorflow;proxystore;scikit-learn;uuid;datetime;dataset","pandas;numpy;uuid;scikit-learn;clean;networkx;statsmodels;NA;funcx;matplotlib;osprey"
"numpy;pandas;tensorflow;time","numpy;pandas;tensorflow","numpy;pathlib;pandas;torch;tensorflow;proxystore;scikit-learn;uuid;datetime;dataset","numpy;tensorflow;proxystore;pathlib;pandas;datetime;funcx;scipy;psutil;ipdb"
"numpy;pathlib;pickle;proxystore;sys;tensorflow;time","numpy;pathlib;proxystore;tensorflow","numpy;pathlib;pandas;torch;tensorflow;proxystore;scikit-learn;uuid;datetime;dataset","numpy;tensorflow;proxystore;pathlib;pandas;datetime;funcx;scipy;psutil;ipdb"
"numpy;proxystore","numpy;proxystore","numpy;pathlib;pandas;torch;tensorflow;proxystore;scikit-learn;uuid;datetime;dataset","numpy;uuid;torch;setproctitle;proxystore;scipy;funcx;datetime;parsl;python_tsp"
"numpy;pyhf;time","numpy;pyhf","numpy;pathlib;pandas;torch;tensorflow;proxystore;scikit-learn;uuid;datetime;dataset","pyhf;numpy"
"numpy;python_tsp;time","numpy;python_tsp","numpy;pathlib;pandas;torch;tensorflow;proxystore;scikit-learn;uuid;datetime;dataset","numpy;uuid;torch;setproctitle;proxystore;scipy;funcx;datetime;parsl;python_tsp"
"numpy;scipy;time","numpy;scipy","numpy;pathlib;pandas;torch;tensorflow;proxystore;scikit-learn;uuid;datetime;dataset","numpy;tensorflow;proxystore;pathlib;pandas;datetime;funcx;scipy;psutil;ipdb"
"numpy;sklearn;torch","numpy;scikit-learn;torch","numpy;pathlib;pandas;torch;tensorflow;proxystore;scikit-learn;uuid;datetime;dataset","pandas;numpy;scikit-learn;torch;dataset;imblearn"
"numpy;socket","numpy","numpy;pathlib;pandas;torch;tensorflow;proxystore;scikit-learn;uuid;datetime;dataset","numpy;uuid;torch;setproctitle;proxystore;scipy;funcx;datetime;parsl;python_tsp"
"numpy;sys","numpy","numpy;pathlib;pandas;torch;tensorflow;proxystore;scikit-learn;uuid;datetime;dataset","numpy;uuid;torch;setproctitle;proxystore;scipy;funcx;datetime;parsl;python_tsp"
"numpy;sys;time;uuid","numpy;uuid","numpy;pathlib;pandas;torch;tensorflow;proxystore;scikit-learn;uuid;datetime;dataset","pandas;numpy;uuid;scikit-learn;clean;networkx;statsmodels;NA;funcx;matplotlib;osprey"
"numpy;tensorflow;time","numpy;tensorflow","numpy;pathlib;pandas;torch;tensorflow;proxystore;scikit-learn;uuid;datetime;dataset","numpy;tensorflow;proxystore;pathlib;pandas;datetime;funcx;scipy;psutil;ipdb"
"numpy;time","numpy","numpy;pathlib;pandas;torch;tensorflow;proxystore;scikit-learn;uuid;datetime;dataset","numpy;uuid;torch;setproctitle;proxystore;scipy;funcx;datetime;parsl;python_tsp"
"os","","numpy;pathlib;pandas;torch;tensorflow;proxystore;scikit-learn;uuid;datetime;dataset","numpy;uuid;torch;setproctitle;proxystore;scipy;funcx;datetime;parsl;python_tsp"
"os;pandas","pandas","numpy;pathlib;pandas;torch;tensorflow;proxystore;scikit-learn;uuid;datetime;dataset","numpy;uuid;torch;setproctitle;proxystore;scipy;funcx;datetime;parsl;python_tsp"
"os;pandas;subprocess","pandas","numpy;pathlib;pandas;torch;tensorflow;proxystore;scikit-learn;uuid;datetime;dataset","pandas;numpy;uuid;scikit-learn;clean;networkx;statsmodels;NA;funcx;matplotlib;osprey"
"os;parsl;random","parsl","numpy;pathlib;pandas;torch;tensorflow;proxystore;scikit-learn;uuid;datetime;dataset","numpy;uuid;torch;setproctitle;proxystore;scipy;funcx;datetime;parsl;python_tsp"
"os;pathlib","pathlib","numpy;pathlib;pandas;torch;tensorflow;proxystore;scikit-learn;uuid;datetime;dataset","pathlib;numpy;datetime;identify;pandas;globus-sdk;h5py;matplotlib;urllib3;requests"
"os;pathlib;tarfile","pathlib","numpy;pathlib;pandas;torch;tensorflow;proxystore;scikit-learn;uuid;datetime;dataset","pathlib;numpy;datetime;identify;pandas;globus-sdk;h5py;matplotlib;urllib3;requests"
"os;pickle;pyhf","pyhf","numpy;pathlib;pandas;torch;tensorflow;proxystore;scikit-learn;uuid;datetime;dataset","pyhf;dill"
"os;pickle;socket;subprocess;tempfile;time","","numpy;pathlib;pandas;torch;tensorflow;proxystore;scikit-learn;uuid;datetime;dataset","psij-python;home_run;ulid;PyYAML;uuid;eqsql;pathlib"
"os;pickle;subprocess;tempfile","","numpy;pathlib;pandas;torch;tensorflow;proxystore;scikit-learn;uuid;datetime;dataset","psij-python;home_run;ulid;PyYAML;uuid;eqsql;pathlib"
"os;platform","","numpy;pathlib;pandas;torch;tensorflow;proxystore;scikit-learn;uuid;datetime;dataset","numpy;uuid;torch;setproctitle;proxystore;scipy;funcx;datetime;parsl;python_tsp"
"os;platform;subprocess","","numpy;pathlib;pandas;torch;tensorflow;proxystore;scikit-learn;uuid;datetime;dataset","numpy;uuid;torch;setproctitle;proxystore;scipy;funcx;datetime;parsl;python_tsp"
"os;re;subprocess;tempfile","","numpy;pathlib;pandas;torch;tensorflow;proxystore;scikit-learn;uuid;datetime;dataset","psij-python;home_run;ulid;PyYAML;uuid;eqsql;pathlib"
"os;re;subprocess;tempfile;traceback","","numpy;pathlib;pandas;torch;tensorflow;proxystore;scikit-learn;uuid;datetime;dataset","psij-python;home_run;ulid;PyYAML;uuid;eqsql;pathlib"
"os;re;subprocess;traceback","","numpy;pathlib;pandas;torch;tensorflow;proxystore;scikit-learn;uuid;datetime;dataset","psij-python;home_run;ulid;PyYAML;uuid;eqsql;pathlib"
"os;requests","requests","numpy;pathlib;pandas;torch;tensorflow;proxystore;scikit-learn;uuid;datetime;dataset","requests"
"os;setproctitle","setproctitle","numpy;pathlib;pandas;torch;tensorflow;proxystore;scikit-learn;uuid;datetime;dataset","numpy;uuid;torch;setproctitle;proxystore;scipy;funcx;datetime;parsl;python_tsp"
"os;setproctitle;time","setproctitle","numpy;pathlib;pandas;torch;tensorflow;proxystore;scikit-learn;uuid;datetime;dataset","numpy;uuid;torch;setproctitle;proxystore;scipy;funcx;datetime;parsl;python_tsp"
"os;shlex;subprocess;time","","numpy;pathlib;pandas;torch;tensorflow;proxystore;scikit-learn;uuid;datetime;dataset","pandas;numpy;uuid;scikit-learn;clean;networkx;statsmodels;NA;funcx;matplotlib;osprey"
"os;shutil;subprocess","","numpy;pathlib;pandas;torch;tensorflow;proxystore;scikit-learn;uuid;datetime;dataset","psij-python;home_run;ulid;PyYAML;uuid;eqsql;pathlib"
"os;socket","","numpy;pathlib;pandas;torch;tensorflow;proxystore;scikit-learn;uuid;datetime;dataset","psij-python;home_run;ulid;PyYAML;uuid;eqsql;pathlib"
"os;socket;subprocess;time","","numpy;pathlib;pandas;torch;tensorflow;proxystore;scikit-learn;uuid;datetime;dataset","psij-python;home_run;ulid;PyYAML;uuid;eqsql;pathlib"
"os;socket;sys","","numpy;pathlib;pandas;torch;tensorflow;proxystore;scikit-learn;uuid;datetime;dataset","psij-python;home_run;ulid;PyYAML;uuid;eqsql;pathlib"
"os;subprocess","","numpy;pathlib;pandas;torch;tensorflow;proxystore;scikit-learn;uuid;datetime;dataset",""
"os;subprocess;tempfile","","numpy;pathlib;pandas;torch;tensorflow;proxystore;scikit-learn;uuid;datetime;dataset","psij-python;home_run;ulid;PyYAML;uuid;eqsql;pathlib"
"os;subprocess;tempfile;traceback","","numpy;pathlib;pandas;torch;tensorflow;proxystore;scikit-learn;uuid;datetime;dataset","psij-python;home_run;ulid;PyYAML;uuid;eqsql;pathlib"
"os;subprocess;time;uuid","uuid","numpy;pathlib;pandas;torch;tensorflow;proxystore;scikit-learn;uuid;datetime;dataset","numpy;uuid;torch;setproctitle;proxystore;scipy;funcx;datetime;parsl;python_tsp"
"os;subprocess;uuid","uuid","numpy;pathlib;pandas;torch;tensorflow;proxystore;scikit-learn;uuid;datetime;dataset","pandas;numpy;uuid;scikit-learn;clean;networkx;statsmodels;NA;funcx;matplotlib;osprey"
"os;sys","","numpy;pathlib;pandas;torch;tensorflow;proxystore;scikit-learn;uuid;datetime;dataset","pathlib;numpy;datetime;identify;pandas;globus-sdk;h5py;matplotlib;urllib3;requests"
"os;sys;tempfile","","numpy;pathlib;pandas;torch;tensorflow;proxystore;scikit-learn;uuid;datetime;dataset","pathlib;numpy;datetime;identify;pandas;globus-sdk;h5py;matplotlib;urllib3;requests"
"os;tempfile","","numpy;pathlib;pandas;torch;tensorflow;proxystore;scikit-learn;uuid;datetime;dataset","pandas;numpy;uuid;scikit-learn;clean;networkx;statsmodels;NA;funcx;matplotlib;osprey"
"os;time","","numpy;pathlib;pandas;torch;tensorflow;proxystore;scikit-learn;uuid;datetime;dataset","pandas;numpy;uuid;scikit-learn;clean;networkx;statsmodels;NA;funcx;matplotlib;osprey"
"os;torch;torchvision","torch;torchvision","numpy;pathlib;pandas;torch;tensorflow;proxystore;scikit-learn;uuid;datetime;dataset","torch;torchvision;pillow;opencv-python;numpy;cv2"
"osprey","NA;osprey","numpy;pathlib;pandas;torch;tensorflow;proxystore;scikit-learn;uuid;datetime;dataset","pandas;numpy;uuid;scikit-learn;clean;networkx;statsmodels;NA;funcx;matplotlib;osprey"
"pandas","pandas","numpy;pathlib;pandas;torch;tensorflow;proxystore;scikit-learn;uuid;datetime;dataset","pandas;numpy;uuid;scikit-learn;clean;networkx;statsmodels;NA;funcx;matplotlib;osprey"
"pathlib","pathlib","numpy;pathlib;pandas;torch;tensorflow;proxystore;scikit-learn;uuid;datetime;dataset","pathlib;numpy;datetime;identify;pandas;globus-sdk;h5py;matplotlib;urllib3;requests"
"pathlib;random","pathlib","numpy;pathlib;pandas;torch;tensorflow;proxystore;scikit-learn;uuid;datetime;dataset","pathlib;numpy;datetime;identify;pandas;globus-sdk;h5py;matplotlib;urllib3;requests"
"pathlib;sys","pathlib","numpy;pathlib;pandas;torch;tensorflow;proxystore;scikit-learn;uuid;datetime;dataset","pillow;argparse;matplotlib;pathlib;numpy;typing;funcx;opencv-python;datetime;cv2"
"pathlib;tarfile","pathlib","numpy;pathlib;pandas;torch;tensorflow;proxystore;scikit-learn;uuid;datetime;dataset","pathlib;numpy;datetime;identify;pandas;globus-sdk;h5py;matplotlib;urllib3;requests"
"pathlib;traceback","pathlib","numpy;pathlib;pandas;torch;tensorflow;proxystore;scikit-learn;uuid;datetime;dataset","pathlib;numpy;datetime;identify;pandas;globus-sdk;h5py;matplotlib;urllib3;requests"
"pickle;pyhf","pyhf","numpy;pathlib;pandas;torch;tensorflow;proxystore;scikit-learn;uuid;datetime;dataset","pyhf;dill"
"PIL;cv2;logging;numpy;os;re;time;torch;torchvision","pillow;opencv-python;numpy;torch;torchvision;cv2","numpy;pathlib;pandas;torch;tensorflow;proxystore;scikit-learn;uuid;datetime;dataset","torch;torchvision;pillow;opencv-python;numpy;cv2"
"PIL;cv2;logging;numpy;os;re;torch;torchvision","pillow;opencv-python;numpy;torch;torchvision;cv2","numpy;pathlib;pandas;torch;tensorflow;proxystore;scikit-learn;uuid;datetime;dataset","torch;torchvision;pillow;opencv-python;numpy;cv2"
"PIL;glob;os","pillow","numpy;pathlib;pandas;torch;tensorflow;proxystore;scikit-learn;uuid;datetime;dataset","pillow;argparse;matplotlib;pathlib;numpy;typing;funcx;opencv-python;datetime;cv2"
"platform","","numpy;pathlib;pandas;torch;tensorflow;proxystore;scikit-learn;uuid;datetime;dataset","numpy;uuid;torch;setproctitle;proxystore;scipy;funcx;datetime;parsl;python_tsp"
"platform;scipy","scipy","numpy;pathlib;pandas;torch;tensorflow;proxystore;scikit-learn;uuid;datetime;dataset","numpy;uuid;torch;setproctitle;proxystore;scipy;funcx;datetime;parsl;python_tsp"
"platform;time","","numpy;pathlib;pandas;torch;tensorflow;proxystore;scikit-learn;uuid;datetime;dataset","numpy;uuid;torch;setproctitle;proxystore;scipy;funcx;datetime;parsl;python_tsp"
"proxystore","proxystore","numpy;pathlib;pandas;torch;tensorflow;proxystore;scikit-learn;uuid;datetime;dataset","numpy;uuid;torch;setproctitle;proxystore;scipy;funcx;datetime;parsl;python_tsp"
"proxystore;time","proxystore","numpy;pathlib;pandas;torch;tensorflow;proxystore;scikit-learn;uuid;datetime;dataset","numpy;uuid;proxystore"
"psij","psij-python","numpy;pathlib;pandas;torch;tensorflow;proxystore;scikit-learn;uuid;datetime;dataset","psij-python;home_run;ulid;PyYAML;uuid;eqsql;pathlib"
"psij;time","psij-python","numpy;pathlib;pandas;torch;tensorflow;proxystore;scikit-learn;uuid;datetime;dataset","psij-python;home_run;ulid;PyYAML;uuid;eqsql;pathlib"
"psutil;pynvml;subprocess","psutil;pynvml","numpy;pathlib;pandas;torch;tensorflow;proxystore;scikit-learn;uuid;datetime;dataset","pandas;numpy;pathlib;psutil;pynvml;funcx"
"pyhf","pyhf","numpy;pathlib;pandas;torch;tensorflow;proxystore;scikit-learn;uuid;datetime;dataset","pyhf;dill"
"pyhf;time","pyhf","numpy;pathlib;pandas;torch;tensorflow;proxystore;scikit-learn;uuid;datetime;dataset","pyhf;numpy"
"quickstats","quickstats","numpy;pathlib;pandas;torch;tensorflow;proxystore;scikit-learn;uuid;datetime;dataset","numpy;quickstats;h5py;matplotlib;common;data;libensemble"
"random","","numpy;pathlib;pandas;torch;tensorflow;proxystore;scikit-learn;uuid;datetime;dataset","numpy;uuid;torch;setproctitle;proxystore;scipy;funcx;datetime;parsl;python_tsp"
"random;time","","numpy;pathlib;pandas;torch;tensorflow;proxystore;scikit-learn;uuid;datetime;dataset","numpy;uuid;torch;setproctitle;proxystore;scipy;funcx;datetime;parsl;python_tsp"
"re;subprocess","","numpy;pathlib;pandas;torch;tensorflow;proxystore;scikit-learn;uuid;datetime;dataset","psij-python;home_run;ulid;PyYAML;uuid;eqsql;pathlib"
"scipy","scipy","numpy;pathlib;pandas;torch;tensorflow;proxystore;scikit-learn;uuid;datetime;dataset","numpy;uuid;torch;setproctitle;proxystore;scipy;funcx;datetime;parsl;python_tsp"
"setproctitle","setproctitle","numpy;pathlib;pandas;torch;tensorflow;proxystore;scikit-learn;uuid;datetime;dataset","numpy;uuid;torch;setproctitle;proxystore;scipy;funcx;datetime;parsl;python_tsp"
"setproctitle;time","setproctitle","numpy;pathlib;pandas;torch;tensorflow;proxystore;scikit-learn;uuid;datetime;dataset","numpy;uuid;torch;setproctitle;proxystore;scipy;funcx;datetime;parsl;python_tsp"
"shlex;subprocess;time","","numpy;pathlib;pandas;torch;tensorflow;proxystore;scikit-learn;uuid;datetime;dataset","pandas;numpy;uuid;scikit-learn;clean;networkx;statsmodels;NA;funcx;matplotlib;osprey"
"shutil","","numpy;pathlib;pandas;torch;tensorflow;proxystore;scikit-learn;uuid;datetime;dataset","numpy;uuid;torch;setproctitle;proxystore;scipy;funcx;datetime;parsl;python_tsp"
"shutil;subprocess","","numpy;pathlib;pandas;torch;tensorflow;proxystore;scikit-learn;uuid;datetime;dataset","psij-python;home_run;ulid;PyYAML;uuid;eqsql;pathlib"
"sklearn","scikit-learn","numpy;pathlib;pandas;torch;tensorflow;proxystore;scikit-learn;uuid;datetime;dataset","pandas;numpy;uuid;scikit-learn;clean;networkx;statsmodels;NA;funcx;matplotlib;osprey"
"socket","","numpy;pathlib;pandas;torch;tensorflow;proxystore;scikit-learn;uuid;datetime;dataset","numpy;uuid;torch;setproctitle;proxystore;scipy;funcx;datetime;parsl;python_tsp"
"socket;subprocess;time","","numpy;pathlib;pandas;torch;tensorflow;proxystore;scikit-learn;uuid;datetime;dataset","psij-python;home_run;ulid;PyYAML;uuid;eqsql;pathlib"
"socket;time","","numpy;pathlib;pandas;torch;tensorflow;proxystore;scikit-learn;uuid;datetime;dataset","numpy;uuid;torch;setproctitle;proxystore;scipy;funcx;datetime;parsl;python_tsp"
"statsmodels","statsmodels","numpy;pathlib;pandas;torch;tensorflow;proxystore;scikit-learn;uuid;datetime;dataset","pandas;numpy;uuid;scikit-learn;clean;networkx;statsmodels;NA;funcx;matplotlib;osprey"
"subprocess","","numpy;pathlib;pandas;torch;tensorflow;proxystore;scikit-learn;uuid;datetime;dataset","psij-python;home_run;ulid;PyYAML;uuid;eqsql;pathlib"
"subprocess;sys","","numpy;pathlib;pandas;torch;tensorflow;proxystore;scikit-learn;uuid;datetime;dataset","pathlib;numpy;datetime;identify;pandas;globus-sdk;h5py;matplotlib;urllib3;requests"
"subprocess;sys;uuid","uuid","numpy;pathlib;pandas;torch;tensorflow;proxystore;scikit-learn;uuid;datetime;dataset","pathlib;numpy;datetime;identify;pandas;globus-sdk;h5py;matplotlib;urllib3;requests"
"subprocess;tempfile","","numpy;pathlib;pandas;torch;tensorflow;proxystore;scikit-learn;uuid;datetime;dataset","pathlib;numpy;datetime;identify;pandas;globus-sdk;h5py;matplotlib;urllib3;requests"
"subprocess;time;uuid","uuid","numpy;pathlib;pandas;torch;tensorflow;proxystore;scikit-learn;uuid;datetime;dataset","psij-python;home_run;ulid;PyYAML;uuid;eqsql;pathlib"
"sys","","numpy;pathlib;pandas;torch;tensorflow;proxystore;scikit-learn;uuid;datetime;dataset",""
"tarfile","","numpy;pathlib;pandas;torch;tensorflow;proxystore;scikit-learn;uuid;datetime;dataset","pillow;argparse;matplotlib;pathlib;numpy;typing;funcx;opencv-python;datetime;cv2"
"tempfile","","numpy;pathlib;pandas;torch;tensorflow;proxystore;scikit-learn;uuid;datetime;dataset","pathlib;numpy;datetime;identify;pandas;globus-sdk;h5py;matplotlib;urllib3;requests"
"tensorflow","tensorflow","numpy;pathlib;pandas;torch;tensorflow;proxystore;scikit-learn;uuid;datetime;dataset",""
"time","","numpy;pathlib;pandas;torch;tensorflow;proxystore;scikit-learn;uuid;datetime;dataset","numpy;uuid;torch;setproctitle;proxystore;scipy;funcx;datetime;parsl;python_tsp"
"time;torch","torch","numpy;pathlib;pandas;torch;tensorflow;proxystore;scikit-learn;uuid;datetime;dataset","numpy;uuid;torch;setproctitle;proxystore;scipy;funcx;datetime;parsl;python_tsp"
"timeit","","numpy;pathlib;pandas;torch;tensorflow;proxystore;scikit-learn;uuid;datetime;dataset","numpy;tensorflow;proxystore;pathlib;pandas;datetime;funcx;scipy;psutil;ipdb"
"torch","torch","numpy;pathlib;pandas;torch;tensorflow;proxystore;scikit-learn;uuid;datetime;dataset","torch;torchvision;pillow;opencv-python;numpy;cv2"
"torch;torchvision","torch;torchvision","numpy;pathlib;pandas;torch;tensorflow;proxystore;scikit-learn;uuid;datetime;dataset",""
"traceback","","numpy;pathlib;pandas;torch;tensorflow;proxystore;scikit-learn;uuid;datetime;dataset","pathlib;numpy;datetime;identify;pandas;globus-sdk;h5py;matplotlib;urllib3;requests"
"webbrowser","","numpy;pathlib;pandas;torch;tensorflow;proxystore;scikit-learn;uuid;datetime;dataset","numpy;uuid;torch;setproctitle;proxystore;scipy;funcx;datetime;parsl;python_tsp"
